id,page_url,icon_id
7,https://www.google.com/m?client=ms-android-samsung-gn-rev1&source=android-home,3
15,https://www.google.com/search?q=raines&oq=raines&aqs=chrome..69i57j46j0l2j46.3151j0j4&client=ms-android-samsung-gn-rev1&sourceid=chrome-mobile&ie=UTF-8,3
17,https://www.google.com/search?q=raines+property+management&client=ms-android-samsung-gn-rev1&ei=1YtqYPbZFMWm_QbhyKLAAw&oq=raines+p&gs_lcp=ChNtb2JpbGUtZ3dzLXdpei1zZXJwEAEYADICCAAyCAguEMcBEK8BMggILhDHARCvATIICC4QxwEQrwEyAggAMgIIADIICC4QxwEQrwEyCAguEMcBEK8BOgQIABBHOgcILhBDEJMCOgQIABBDUP0oWOksYOYzaABwAXgAgAGqAYgBzwKSAQMwLjKYAQCgAQHIAQjAAQE&sclient=mobile-gws-wiz-serp,3
18,"https://www.google.com/search?q=raines+property+management&client=ms-android-samsung-gn-rev1&ei=1YtqYPbZFMWm_QbhyKLAAw&oq=raines+p&gs_lcp=ChNtb2JpbGUtZ3dzLXdpei1zZXJwEAEYADICCAAyCAguEMcBEK8BMggILhDHARCvATIICC4QxwEQrwEyAggAMgIIADIICC4QxwEQrwEyCAguEMcBEK8BOgQIABBHOgcILhBDEJMCOgQIABBDUP0oWOksYOYzaABwAXgAgAGqAYgBzwKSAQMwLjKYAQCgAQHIAQjAAQE&sclient=mobile-gws-wiz-serp#trex=m_t:lcl_akp,rc_f:rln,rc_ludocids:697457946110376187,ru_lqi:ChpyYWluZXMgcHJvcGVydHkgbWFuYWdlbWVudEj-uIDO5YCAgAhaRAoacmFpbmVzIHByb3BlcnR5IG1hbmFnZW1lbnQQABABEAIYABgBGAIiGnJhaW5lcyBwcm9wZXJ0eSBtYW5hZ2VtZW50kgEXYXBhcnRtZW50X3JlbnRhbF9hZ2VuY3k,trex_id:lUsVr",3
23,https://www.google.com/search?q=properties+for+rent+near+me&oq=properties+for+rent+&aqs=chrome.1.69i57j0l4.11105j0j4&client=ms-android-samsung-gn-rev1&sourceid=chrome-mobile&ie=UTF-8,3
24,https://www.rent.com/massachusetts/boston-houses,9
25,https://www.rent.com/zip-24060-houses,9
26,https://www.rent.com/massachusetts/boston-houses,10
27,https://www.rent.com/zip-24060-houses,10
36,https://www.rent.com/zip-24060-houses?page=2,10
37,https://www.rent.com/zip-24060-houses?page=2,9
40,http://mintahoe.com/?gclid=EAIaIQobChMI5JOa85eD8AIVB-PtCh0-jQJGEAEYASAAEgIGz_D_BwE,11
41,http://www.mintahoe.com/?gclid=EAIaIQobChMI5JOa85eD8AIVB-PtCh0-jQJGEAEYASAAEgIGz_D_BwE,11
42,https://googleads.g.doubleclick.net/aclk?sa=l&ai=CPdnGkrt5YOSCOIfGtwe-moqwBJbKt-pSr5Pst7QLn7HOgZAOEAEg4_uTA2DJtuCJlKSYE6ABuPqB5APIAQaoAwGqBOMBT9DwKuVMdHZ56JbhH4gMO59asbDmY-mEv_NtELeKtuI1WniktMWWStOios5GRlj4_IE8bESbkxQWEpkWPais4MITQkRV9FvalcWRzZST9KNNh7VBEWKrpYbz8Eejd70y2V_662KI84uE77Xj6Hmf5Tzmq4Dx6v1l9myo5oa_-Iln4GGuc3jDBUWjTFcnc39CKHRBXfsaAcJcQH0B7JYtHZF3wt2ojWrMD3Yj1w4H6M8gb_qcaSRXGoClu3-2Ycnc2LVivDiyV6vYnrwORDEwPWYpPIwZb-AKizB7jw2QWwvLMlfABN-zxaHXAYgF5MeqyQWQBgGgBjfYBgKAB7CF_huYBwKoB9XJG6gH8NkbqAfy2RuoB47OG6gHk9gbqAe6BqgH7paxAqgHpr4bqAfs1RuoB_PRG6gH7NUbqAeW2BvYBwGgCMWgPrAIAtIICgiA4YDwAhABGB7yCB9jYS15dC1ob3N0LXB1Yi00NTIxMDgzMDYzNTI5MTk1sQlhW_zTTLUdqYAKAZgLAaEL1e-vhsMiTSHICwLQCxG4DAG4E-wD2BMCghQRGg93d3cueW91dHViZS5jb22IFAGgFwE&num=1&cid=CAASrwHkaKBNTmwS0KBwhUjJqdNDHPiiEXPIshXbM0b0esVrEr7s8rIaxB_q-OEB_CdV_-rlFVjkOWPlbIO6YPtBdqYcC4b8OIz6fVILH1jj23Nkh-pjr5Ff5C3IyhpX_O-cDRWsNBlJtVEWzJ1SodMABjwDE8l5BoqPovHtCwymry4bm-OvMx7OmfF0u6bK6hFXv90Vn58-1a91yENbohnuSGkpDj1mE5JgiiMdMBCv5oG7&sig=AOD64_0SI9gLI-5nWL31lNqDvTgdxUTbbQ&client=ca-pub-6219811747049371&adurl=http://mintahoe.com&ms=CoACy6aHNy990CRxJv4ruiuA0psRSYFdyzZnWDzCqNT3KPER5gjaKfkr7loM9AS4CAmBVFKlX16cpWXc-lslKw0ZHgf2AEj54Zkt48p1aF-HyTMf0PF-4FeFwzULMLp6Rxc9nZoVbej9YKhkozCSuNlwZbTKrlHv3OeQYlH1_5ILs8UM9n-kyyV21JjVWXmyEXLztv85TECEOQg3KZCkCEgoUt8psKmyb9HuVJEqinwDfoYv7LhDJ0lkfPp4ry2Sm8V3F53A5oaMi_LJ0Y75MwXpsNzHvXiY9L_yh4HlWATeeCW6NkSDIJjH8nVm4y2ncfCh_mvbqDK0uC6xCasN1jgkEgqAAmHHYjWPTRGY6cBNMTIwizoS4700yxL-Rj44dX1K-Rlsb9aavt4yFGoKxO7ZxQCGsSYftaugzloYfTkyTsbP9HOTdDKAlKu0RAg2DbvLxG9-H-fH8IPrI37JNOJrMRDvRo9oQrfD9KnkeDhXVuohkaLTsgaMXKRutTZSmn7muCzQW53vgdgPdVAmjYvUmvMct6yerNL3ZElJLG4Y7zS_TYmtyMph7YoFvD4xrxwsJjcDbA29uV1lzSbKxWv2HpvrVRt5Ju1tKOMw7pB9Hwe4goJKA0GVRVck44xvpU8R0Dz1mLWz6-HCLxMGMBjBo2xGAeFi_Z4LCDDc9dZNF-Ye3lISEMEDhUIgCmpOQiIVaXpgmZE&nb=0&nx=25&ny=286&dim=411x363&wt=1618590865691,11
43,https://www.googleadservices.com/pagead/aclk?sa=L&ai=Can63krt5YOSCOIfGtwe-moqwBJbKt-pSr5Pst7QLn7HOgZAOEAEg4_uTA2DJtuCJlKSYE6ABuPqB5APIAQaoAwGqBOMBT9DwKuVMdHZ56JbhH4gMO59asbDmY-mEv_NtELeKtuI1WniktMWWStOios5GRlj4_IE8bESbkxQWEpkWPais4MITQkRV9FvalcWRzZST9KNNh7VBEWKrpYbz8Eejd70y2V_662KI84uE77Xj6Hmf5Tzmq4Dx6v1l9myo5oa_-Iln4GGuc3jDBUWjTFcnc39CKHRBXfsaAcJcQH0B7JYtHZF3wt2ojWrMD3Yj1w4H6M8gb_qcaSRXGoClu3-2Ycnc2LVivDiyV6vYnrwORDEwPWYpPIwZb-AKizB7jw2QWwvLMlfABN-zxaHXAYgF5MeqyQWQBgGgBjfYBgKAB7CF_huYBwKoB9XJG6gH8NkbqAfy2RuoB47OG6gHk9gbqAe6BqgH7paxAqgHpr4bqAfs1RuoB_PRG6gH7NUbqAeW2BvYBwGgCMWgPrAIAtIICgiA4YDwAhABGB7yCB9jYS15dC1ob3N0LXB1Yi00NTIxMDgzMDYzNTI5MTk1mgkTaHR0cDovL21pbnRhaG9lLmNvbbEJYVv800y1HamACgGYCwGhC9Xvr4bDIk0hyAsC0AsRuAwBuBPsA9gTAoIUERoPd3d3LnlvdXR1YmUuY29tiBQBoBcB&num=1&cid=CAASrwHkaKBNTmwS0KBwhUjJqdNDHPiiEXPIshXbM0b0esVrEr7s8rIaxB_q-OEB_CdV_-rlFVjkOWPlbIO6YPtBdqYcC4b8OIz6fVILH1jj23Nkh-pjr5Ff5C3IyhpX_O-cDRWsNBlJtVEWzJ1SodMABjwDE8l5BoqPovHtCwymry4bm-OvMx7OmfF0u6bK6hFXv90Vn58-1a91yENbohnuSGkpDj1mE5JgiiMdMBCv5oG7&client=ca-pub-6219811747049371&ms=CoACPMjH1denXpkW4xg0IylR9bUktMJdXymmKYTIiFXcSfp2MbkoRv7UNNZcoXbEsx1RDwLaaljMRsn4h3KRjDYSG0r7gumV45jMLqlFjFbkWaG4ObzBO5zhOb3RqAH2Z6k_Aie29aM4XfeCfHw2Mu4aGkwoZN1_9RxAYpMHUB5u-9GA7mGzq0QmAfBG02dZf-6j-r19-KWLu79myFvagOwqGGYk0Via5brXG4YygPjlOOvo9HxydF2xzfF5_T1phYQWDPC8MUjsjgfXDBnbSclb8T7XCYFnpYfnnOs9SuruWYxwPimrrtfcO95-gRn0sV9nEWOuACS1xjyUXuKzk3QeJwqAAtb13RN8_xMh9zFaPBSrhvwISwS4waCVz_YTbrneih2iPuwA-YYiKFo8EEENbA2qe1-vc_Lx-CSXnfj9_2wqEsxCl18QSgufilctPX2zPgoPU1xa7oIZmMJYqKwFfdqsyXib130gMjW10BgWCC3dffg7zofQuHVjAReKs9ezne4lurYdyRl7KyH-RH4B1OQ5DC5kFk_oqpQhVncPNjxSUGgcD0VWKTiWeZPze-m7satdEUXkPmEHwT77Az8bu_baKsFw3P5Bnj25G946yU-hvKVVzxT5GwazleQxnj-JHAwxqxkHKipwtUYeHR2wIGgP-xZbshtApCaPOfExdggxSxISEFDpuPDnFoHtWi34uF_0piI&nb=0&nx=25&ny=286&dim=411x363&wt=1618590865691&dblrd=1&uid=Cl4AZWm_UpBtRJrhtfB5FzSnqF84N0b7m7DIHXzizGSIeCEZ9BeawwVq4-jhr_DupCwyvDBqwhwMf2xD_Kga2Gsos7xm6NfA1OAII2kwu9HKKcOsKa15b68F1nbZUWDVEO_6ooMGGAIYDw&sig=AOD64_3uhbaAt35uCFNR5lqxM7DZagKwRw&adurl=http://mintahoe.com,11
44,https://www.mintahoe.com/?gclid=EAIaIQobChMI5JOa85eD8AIVB-PtCh0-jQJGEAEYASAAEgIGz_D_BwE,11
45,http://mintahoe.com/?gclid=EAIaIQobChMI5JOa85eD8AIVB-PtCh0-jQJGEAEYASAAEgIGz_D_BwE,12
46,http://www.mintahoe.com/?gclid=EAIaIQobChMI5JOa85eD8AIVB-PtCh0-jQJGEAEYASAAEgIGz_D_BwE,12
47,https://googleads.g.doubleclick.net/aclk?sa=l&ai=CPdnGkrt5YOSCOIfGtwe-moqwBJbKt-pSr5Pst7QLn7HOgZAOEAEg4_uTA2DJtuCJlKSYE6ABuPqB5APIAQaoAwGqBOMBT9DwKuVMdHZ56JbhH4gMO59asbDmY-mEv_NtELeKtuI1WniktMWWStOios5GRlj4_IE8bESbkxQWEpkWPais4MITQkRV9FvalcWRzZST9KNNh7VBEWKrpYbz8Eejd70y2V_662KI84uE77Xj6Hmf5Tzmq4Dx6v1l9myo5oa_-Iln4GGuc3jDBUWjTFcnc39CKHRBXfsaAcJcQH0B7JYtHZF3wt2ojWrMD3Yj1w4H6M8gb_qcaSRXGoClu3-2Ycnc2LVivDiyV6vYnrwORDEwPWYpPIwZb-AKizB7jw2QWwvLMlfABN-zxaHXAYgF5MeqyQWQBgGgBjfYBgKAB7CF_huYBwKoB9XJG6gH8NkbqAfy2RuoB47OG6gHk9gbqAe6BqgH7paxAqgHpr4bqAfs1RuoB_PRG6gH7NUbqAeW2BvYBwGgCMWgPrAIAtIICgiA4YDwAhABGB7yCB9jYS15dC1ob3N0LXB1Yi00NTIxMDgzMDYzNTI5MTk1sQlhW_zTTLUdqYAKAZgLAaEL1e-vhsMiTSHICwLQCxG4DAG4E-wD2BMCghQRGg93d3cueW91dHViZS5jb22IFAGgFwE&num=1&cid=CAASrwHkaKBNTmwS0KBwhUjJqdNDHPiiEXPIshXbM0b0esVrEr7s8rIaxB_q-OEB_CdV_-rlFVjkOWPlbIO6YPtBdqYcC4b8OIz6fVILH1jj23Nkh-pjr5Ff5C3IyhpX_O-cDRWsNBlJtVEWzJ1SodMABjwDE8l5BoqPovHtCwymry4bm-OvMx7OmfF0u6bK6hFXv90Vn58-1a91yENbohnuSGkpDj1mE5JgiiMdMBCv5oG7&sig=AOD64_0SI9gLI-5nWL31lNqDvTgdxUTbbQ&client=ca-pub-6219811747049371&adurl=http://mintahoe.com&ms=CoACy6aHNy990CRxJv4ruiuA0psRSYFdyzZnWDzCqNT3KPER5gjaKfkr7loM9AS4CAmBVFKlX16cpWXc-lslKw0ZHgf2AEj54Zkt48p1aF-HyTMf0PF-4FeFwzULMLp6Rxc9nZoVbej9YKhkozCSuNlwZbTKrlHv3OeQYlH1_5ILs8UM9n-kyyV21JjVWXmyEXLztv85TECEOQg3KZCkCEgoUt8psKmyb9HuVJEqinwDfoYv7LhDJ0lkfPp4ry2Sm8V3F53A5oaMi_LJ0Y75MwXpsNzHvXiY9L_yh4HlWATeeCW6NkSDIJjH8nVm4y2ncfCh_mvbqDK0uC6xCasN1jgkEgqAAmHHYjWPTRGY6cBNMTIwizoS4700yxL-Rj44dX1K-Rlsb9aavt4yFGoKxO7ZxQCGsSYftaugzloYfTkyTsbP9HOTdDKAlKu0RAg2DbvLxG9-H-fH8IPrI37JNOJrMRDvRo9oQrfD9KnkeDhXVuohkaLTsgaMXKRutTZSmn7muCzQW53vgdgPdVAmjYvUmvMct6yerNL3ZElJLG4Y7zS_TYmtyMph7YoFvD4xrxwsJjcDbA29uV1lzSbKxWv2HpvrVRt5Ju1tKOMw7pB9Hwe4goJKA0GVRVck44xvpU8R0Dz1mLWz6-HCLxMGMBjBo2xGAeFi_Z4LCDDc9dZNF-Ye3lISEMEDhUIgCmpOQiIVaXpgmZE&nb=0&nx=25&ny=286&dim=411x363&wt=1618590865691,12
48,https://www.googleadservices.com/pagead/aclk?sa=L&ai=Can63krt5YOSCOIfGtwe-moqwBJbKt-pSr5Pst7QLn7HOgZAOEAEg4_uTA2DJtuCJlKSYE6ABuPqB5APIAQaoAwGqBOMBT9DwKuVMdHZ56JbhH4gMO59asbDmY-mEv_NtELeKtuI1WniktMWWStOios5GRlj4_IE8bESbkxQWEpkWPais4MITQkRV9FvalcWRzZST9KNNh7VBEWKrpYbz8Eejd70y2V_662KI84uE77Xj6Hmf5Tzmq4Dx6v1l9myo5oa_-Iln4GGuc3jDBUWjTFcnc39CKHRBXfsaAcJcQH0B7JYtHZF3wt2ojWrMD3Yj1w4H6M8gb_qcaSRXGoClu3-2Ycnc2LVivDiyV6vYnrwORDEwPWYpPIwZb-AKizB7jw2QWwvLMlfABN-zxaHXAYgF5MeqyQWQBgGgBjfYBgKAB7CF_huYBwKoB9XJG6gH8NkbqAfy2RuoB47OG6gHk9gbqAe6BqgH7paxAqgHpr4bqAfs1RuoB_PRG6gH7NUbqAeW2BvYBwGgCMWgPrAIAtIICgiA4YDwAhABGB7yCB9jYS15dC1ob3N0LXB1Yi00NTIxMDgzMDYzNTI5MTk1mgkTaHR0cDovL21pbnRhaG9lLmNvbbEJYVv800y1HamACgGYCwGhC9Xvr4bDIk0hyAsC0AsRuAwBuBPsA9gTAoIUERoPd3d3LnlvdXR1YmUuY29tiBQBoBcB&num=1&cid=CAASrwHkaKBNTmwS0KBwhUjJqdNDHPiiEXPIshXbM0b0esVrEr7s8rIaxB_q-OEB_CdV_-rlFVjkOWPlbIO6YPtBdqYcC4b8OIz6fVILH1jj23Nkh-pjr5Ff5C3IyhpX_O-cDRWsNBlJtVEWzJ1SodMABjwDE8l5BoqPovHtCwymry4bm-OvMx7OmfF0u6bK6hFXv90Vn58-1a91yENbohnuSGkpDj1mE5JgiiMdMBCv5oG7&client=ca-pub-6219811747049371&ms=CoACPMjH1denXpkW4xg0IylR9bUktMJdXymmKYTIiFXcSfp2MbkoRv7UNNZcoXbEsx1RDwLaaljMRsn4h3KRjDYSG0r7gumV45jMLqlFjFbkWaG4ObzBO5zhOb3RqAH2Z6k_Aie29aM4XfeCfHw2Mu4aGkwoZN1_9RxAYpMHUB5u-9GA7mGzq0QmAfBG02dZf-6j-r19-KWLu79myFvagOwqGGYk0Via5brXG4YygPjlOOvo9HxydF2xzfF5_T1phYQWDPC8MUjsjgfXDBnbSclb8T7XCYFnpYfnnOs9SuruWYxwPimrrtfcO95-gRn0sV9nEWOuACS1xjyUXuKzk3QeJwqAAtb13RN8_xMh9zFaPBSrhvwISwS4waCVz_YTbrneih2iPuwA-YYiKFo8EEENbA2qe1-vc_Lx-CSXnfj9_2wqEsxCl18QSgufilctPX2zPgoPU1xa7oIZmMJYqKwFfdqsyXib130gMjW10BgWCC3dffg7zofQuHVjAReKs9ezne4lurYdyRl7KyH-RH4B1OQ5DC5kFk_oqpQhVncPNjxSUGgcD0VWKTiWeZPze-m7satdEUXkPmEHwT77Az8bu_baKsFw3P5Bnj25G946yU-hvKVVzxT5GwazleQxnj-JHAwxqxkHKipwtUYeHR2wIGgP-xZbshtApCaPOfExdggxSxISEFDpuPDnFoHtWi34uF_0piI&nb=0&nx=25&ny=286&dim=411x363&wt=1618590865691&dblrd=1&uid=Cl4AZWm_UpBtRJrhtfB5FzSnqF84N0b7m7DIHXzizGSIeCEZ9BeawwVq4-jhr_DupCwyvDBqwhwMf2xD_Kga2Gsos7xm6NfA1OAII2kwu9HKKcOsKa15b68F1nbZUWDVEO_6ooMGGAIYDw&sig=AOD64_3uhbaAt35uCFNR5lqxM7DZagKwRw&adurl=http://mintahoe.com,12
49,https://www.mintahoe.com/?gclid=EAIaIQobChMI5JOa85eD8AIVB-PtCh0-jQJGEAEYASAAEgIGz_D_BwE,12
50,https://www.google.com/search?q=beavercreek+commons&oq=beavercreek+cokm&aqs=chrome.1.69i57j0j46j0j46.10932j0j4&client=ms-android-samsung-gn-rev1&sourceid=chrome-mobile&ie=UTF-8,3
51,"https://www.google.com/search?q=beavercreek+commons&oq=beavercreek+cokm&aqs=chrome.1.69i57j0j46j0j46.10932j0j4&client=ms-android-samsung-gn-rev1&sourceid=chrome-mobile&ie=UTF-8#lkt=LocalPoiPhotos&trex=m_t:lcl_akp,rc_f:nav,rc_ludocids:17742529286704743048,rc_q:Beaver%2520Creek%2520Commons,ru_q:Beaver%2520Creek%2520Commons,trex_id:bo0myb",3
52,https://www.google.com/search?q=beavercreek+commons&oq=beavercreek+cokm&aqs=chrome.1.69i57j0j46j0j46.10932j0j4&client=ms-android-samsung-gn-rev1&sourceid=chrome-mobile&ie=UTF-8#sbfbu=1&pi=beavercreek%20commons,3
53,https://www.google.com/search?q=nike+outlet&client=ms-android-samsung-gn-rev1&ei=dS2HYKXHHdaC9PwPhrGOsAo&gs_ssp=eJzj4tVP1zc0TE_LTclLsohXYDRgdGDw4s7LzE5VyC8tyUktAQCVAwmP&oq=nike+&gs_lcp=ChNtb2JpbGUtZ3dzLXdpei1zZXJwEAEYATIOCC4QxwEQrwEQkQIQkwIyCgguEMcBEKMCEEMyCgguEMcBEK8BEEMyAggAMgIIADICCAAyAggAMgIIADoECAAQRzoICC4QxwEQrwE6BggAEBYQHjoCCCk6CAgAEOoCEI8BOgUILhCRAjoICC4QsQMQgwE6CAgAELEDEIMBOggILhDHARCjAjoLCC4QxwEQrwEQkQI6BAgAEEM6DQguELEDEMcBEKMCEEM6CwguELEDEMcBEKMCOgUIABCxAzoOCC4QsQMQxwEQowIQkQJQnY4BWJfVAWC1-gFoBXABeAKAAeIBiAGZGZIBBjAuMTQuM5gBAKABAbABFMgBCMABAQ&sclient=mobile-gws-wiz-serp,3
54,https://www.google.com/search?q=nike+outlet+monroe+ohio&client=ms-android-samsung-gn-rev1&ei=dS2HYKXHHdaC9PwPhrGOsAo&gs_ssp=eJzj4tZP1zcsSSk0K8iLN2C0UjWosLAwMTBNNjROgwIrgwpzM4NEY0NjQ0OTVGMTQyNjL_G8zOxUhfzSkpzUEoXc_LyifCAvIzMfAG2uF7M&oq=nike&gs_lcp=ChNtb2JpbGUtZ3dzLXdpei1zZXJwEAEYATIKCCkQxwEQowIQQzIOCC4QxwEQrwEQkQIQkwIyDgguELEDEMcBEKMCEJECMgoILhDHARCvARBDMgIIADICCAAyAggAMgIIADoECAAQRzoCCCk6CAgAEOoCEI8BOgUILhCRAjoICC4QsQMQgwE6CAgAELEDEIMBOggILhDHARCjAjoLCC4QxwEQrwEQkQI6BAgAEEM6DQguELEDEMcBEKMCEEM6CwguELEDEMcBEKMCOgUIABCxAzoICC4QxwEQrwFQlilYwjdgn1BoAnABeACAAesBiAHkBpIBAzItNJgBAKABAbABFcgBCMABAQ&sclient=mobile-gws-wiz-serp,3
55,https://www.google.com/search?q=apple+mask&oq=apple+mask&aqs=chrome..69i57j0i433i457j0l3.2513j0j9&client=ms-android-samsung-gn-rev1&sourceid=chrome-mobile&ie=UTF-8,3
56,https://hotels.tmobiletravel.com/th/tmobile/en/?utm_medium=partner-app&utm_campaign=tr-tmo-tuesdays-tmt-app&utm_content=tr-tmo-tuesdays-tmt-app&utm_source=tmo-tmt-app,13
57,https://hotels.tmobiletravel.com/search?query=Myrtle%20Beach%2C%20SC%2C%20USA&latitude=33.6890603&longitude=-78.8866943&checkIn=06%2F01%2F2021&checkOut=06%2F03%2F2021&adults=1&rooms=1&currency=USD&program=tmobile&mode=disc&language=en&promotion=%5Bobject%20Object%5D,13
58,"https://hotels.tmobiletravel.com/search?query=Myrtle%20Beach,%20SC,%20USA&latitude=33.6890603&longitude=-78.8866943&checkIn=06%2F01%2F2021&checkOut=06%2F03%2F2021&adults=1&rooms=1&currency=USD&program=tmobile&mode=disc&language=en&promotion=%5Bobject%20Object%5D",13
59,"https://hotels.tmobiletravel.com/search?query=Myrtle%20Beach,%20SC,%20USA&latitude=33.6890603&longitude=-78.8866943&checkIn=06%2F01%2F2021&checkOut=06%2F03%2F2021&adults=1&rooms=1&currency=USD&program=tmobile&mode=disc&searchId=da6bbcd6-087d-4f2e-9a1d-ff1a97eb31a7&language=en",13
60,https://hotels.tmobiletravel.com/search?query=Myrtle%20Beach%2C%20SC%2C%20USA&latitude=33.6890603&longitude=-78.8866943&checkIn=06%2F05%2F2021&checkOut=06%2F09%2F2021&adults=1&rooms=1&currency=USD&program=tmobile&mode=disc&language=en&promotion=%5Bobject%20Object%5D,13
61,"https://hotels.tmobiletravel.com/search?query=Myrtle%20Beach,%20SC,%20USA&latitude=33.6890603&longitude=-78.8866943&checkIn=06%2F05%2F2021&checkOut=06%2F09%2F2021&adults=1&rooms=1&currency=USD&program=tmobile&mode=disc&language=en&promotion=%5Bobject%20Object%5D",13
62,"https://hotels.tmobiletravel.com/search?query=Myrtle%20Beach,%20SC,%20USA&latitude=33.6890603&longitude=-78.8866943&checkIn=06%2F05%2F2021&checkOut=06%2F09%2F2021&adults=1&rooms=1&currency=USD&program=tmobile&mode=disc&searchId=22f3e124-d5a7-480c-bf73-4b74a0dc8295&language=en",13
63,"https://hotels.tmobiletravel.com/search?query=Myrtle%20Beach%20Boardwalk%20and%20Promenade,%20Myrtle%20Beach,%20SC,%20USA&latitude=33.6894543&longitude=-78.88151479999999&checkIn=06%2F05%2F2021&checkOut=06%2F09%2F2021&adults=1&rooms=1&currency=USD&program=tmobile&mode=disc",13
64,"https://hotels.tmobiletravel.com/search?query=Myrtle%20Beach%20Boardwalk%20and%20Promenade,%20Myrtle%20Beach,%20SC,%20USA&latitude=33.6894543&longitude=-78.88151479999999&checkIn=06%2F05%2F2021&checkOut=06%2F09%2F2021&adults=1&rooms=1&currency=USD&program=tmobile&mode=disc&searchId=705ac1fe-d78d-431f-b499-a059d2fdbeb9",13
65,"https://hotels.tmobiletravel.com/details?id=1485984&region=34790&query=Myrtle%20Beach%20Boardwalk%20and%20Promenade,%20Myrtle%20Beach,%20SC,%20USA&latitude=33.689454&longitude=-78.881515&checkIn=06%2F05%2F2021&checkOut=06%2F09%2F2021&adults=1&rooms=1&currency=USD&program=tmobile&mode=disc&searchId=705ac1fe-d78d-431f-b499-a059d2fdbeb9&dAvePrice=192",13
66,"https://hotels.tmobiletravel.com/booking/payment/45b9c2f7-5b1a-02eb-6a52-0afea10df172?hotelId=1485984&region=34790&query=Myrtle%20Beach%20Boardwalk%20and%20Promenade,%20Myrtle%20Beach,%20SC,%20USA&latitude=33.689454&longitude=-78.881515&checkIn=06%2F05%2F2021&checkOut=06%2F09%2F2021&adults=1&rooms=1&currency=USD&program=tmobile&mode=disc&searchId=705ac1fe-d78d-431f-b499-a059d2fdbeb9&dAvePrice=192&dp=1",13
67,"https://hotels.tmobiletravel.com/booking/payment/45b9c2f7-5b1a-02eb-6a52-0afea10df172?hotelId=1485984&region=34790&query=Myrtle%20Beach%20Boardwalk%20and%20Promenade,%20Myrtle%20Beach,%20SC,%20USA&latitude=33.689454&longitude=-78.881515&checkIn=06%2F05%2F2021&checkOut=06%2F09%2F2021&adults=1&rooms=1&currency=USD&program=tmobile&mode=disc&searchId=705ac1fe-d78d-431f-b499-a059d2fdbeb9&dTotalPrice=917&dp=0",13
68,"https://hotels.tmobiletravel.com/search?query=Myrtle%20Beach,%20SC,%20USA&latitude=33.6890603&longitude=-78.8866943&checkIn=06%2F05%2F2021&checkOut=06%2F09%2F2021&adults=1&rooms=1&currency=USD&program=tmobile&mode=disc&searchId=705ac1fe-d78d-431f-b499-a059d2fdbeb9&language=en",13
69,https://www.google.com/m?client=ms-android-samsung-gn-rev1&source=android-home#sbfbu=1&pi=,3
70,https://m.facebook.com/,14
71,https://www.amazon.com/,15
72,https://m.youtube.com/,16
73,http://www.espn.com/,17
74,https://en.m.wikipedia.org/,18
75,https://www.yahoo.com/,19
76,https://m.ebay.com/,20
77,https://www.instagram.com/,21
78,https://www.google.com/search?q=how+to+mount+a+pendrive+on+android&oq=how+to+mount+a+pen+drive+on+androu&aqs=chrome.1.69i57j33i10i160l3.17423j0j7&client=ms-android-samsung-gn-rev1&sourceid=chrome-mobile&ie=UTF-8,3
79,"https://www.google.com/amp/s/www.tomsguide.com/amp/us/connect-usb-drive-to-android,news-21213.html",3
80,https://www.google.com/search?q=what+is+otg+file+format+does+android+support&oq=what+is+otg+file+format+does+android+support&aqs=chrome..69i57j33i160j33i299l2.15811j1j7&client=ms-android-samsung-gn-rev1&sourceid=chrome-mobile&ie=UTF-8,3
81,https://www.google.com/search?q=can+a+samsung+micro+usb+connector+transfer+data&oq=can+a+samsung+micro+usb+connector+trans&aqs=chrome.1.69i57j33i22i29i30.12274j0j9&client=ms-android-samsung-gn-rev1&sourceid=chrome-mobile&ie=UTF-8,3
82,https://www.amazon.com/Samsung-Original-Type-USB-Adapter/dp/B01N8PO8YA/ref=asc_df_B01N8PO8YA/?tag=hyprod-20&linkCode=df0&hvadid=309786254858&hvpos=&hvnetw=g&hvrand=18293347246396017199&hvpone=&hvptwo=&hvqmt=&hvdev=m&hvdvcmdl=&hvlocint=&hvlocphy=9008696&hvtargid=pla-570286414544&psc=1,22
83,https://www.google.com/aclk?sa=L&ai=DChcSEwiVw8yS8eLwAhUx8uMHHSYfAKEYABAEGgJ5bQ&ae=2&sig=AOD64_3TMH0KcFSUq7MlnniGoha6rNY2fw&ctype=5&q=&ved=2ahUKEwih28GS8eLwAhWGVTABHauJDAwQ8w56BAgBEBs&dct=1&adurl=,22
84,https://simplecellshop.com/products/SAM308244028?gclid=EAIaIQobChMIlcPMkvHi8AIVMfLjBx0mHwChEAsYBCABEgICcPD_BwE,23
85,https://www.googleadservices.com/pagead/aclk?sa=L&ai=DChcSEwiVw8yS8eLwAhUx8uMHHSYfAKEYABAFGgJ5bQ&ae=2&ohost=www.google.com&cid=CAASEuRo3dwBZ14F6aUUTW38gtjYUw&sig=AOD64_1dAZllQknYJ9dvHBY6MLYnTZd7DQ&ctype=5&q=&ved=2ahUKEwih28GS8eLwAhWGVTABHauJDAwQ8w56BAgBECo&dct=1&adurl=,23
86,https://www.beenverified.com/mobile-dos-donts/,24
87,https://www.google.com/search?gs_ssp=eJzj4tZP1zcsyUhLTynMMGC0UjWosLBMtjBMTra0NDRKM0tLSbMyqDBMMbUwt0hJTrQ0SrNMTDLxEswsSczJTMzLL1bIS00sUshNBQD-HBYh&q=italianos+near+me&oq=italianos&aqs=chrome.2.69i57j0j46i175i199j0j46i175i199.10051j0j7&client=ms-android-samsung-gn-rev1&sourceid=chrome-mobile&ie=UTF-8,3
88,https://www.google.com/search?gs_ssp=eJzj4tVP1zc0TC6KT083SMkxYLRSNaiwsDBJsTQ1N04xNUqxTE5JszKoSEtJMzAxTrY0N7S0SExMMfMSySxJzMlMzMsvVkjKSUzOLk4qLUoHAFYUF8o&q=italianos+blacksburg&oq=italianos+blacks&aqs=chrome.1.69i57j46i175i199j0i22i30l2.7549j0j7&client=ms-android-samsung-gn-rev1&sourceid=chrome-mobile&ie=UTF-8,3
89,https://www.orderitalianospizzamenu.com/,25
90,https://www.orderitalianospizzamenu.com/,26
91,https://slicelife.com/restaurants/va/blacksburg/24060/italiano-s-pizza-blacksburg/menu?ajs_aid=9d2dbcdc-9777-4a7e-b604-f7e9fcf6c39d&utm_campaign=direct_websites,27
92,https://slicelife.com/restaurants/va/blacksburg/24060/italiano-s-pizza-blacksburg/menu?utm_campaign=direct_websites&ajs_aid=9d2dbcdc-9777-4a7e-b604-f7e9fcf6c39d&client_id=9d2dbcdc-9777-4a7e-b604-f7e9fcf6c39d,27
93,https://slicelife.com/restaurants/va/blacksburg/24060/italiano-s-pizza-blacksburg/menu?utm_campaign=direct_websites,27
94,https://slicelife.com/restaurants/va/blacksburg/24060/italiano-s-pizza-blacksburg/menu?ajs_aid=9d2dbcdc-9777-4a7e-b604-f7e9fcf6c39d&utm_campaign=direct_websites,28
95,https://slicelife.com/restaurants/va/blacksburg/24060/italiano-s-pizza-blacksburg/menu?utm_campaign=direct_websites&ajs_aid=9d2dbcdc-9777-4a7e-b604-f7e9fcf6c39d&client_id=9d2dbcdc-9777-4a7e-b604-f7e9fcf6c39d,28
96,https://slicelife.com/restaurants/va/blacksburg/24060/italiano-s-pizza-blacksburg/menu?utm_campaign=direct_websites,28
97,https://www.google.com/search?q=anuj+soni+linkedin&oq=anuj+soni+&aqs=chrome.3.69i57j0j46i175i199j0l2.5119j0j7&client=ms-android-samsung-gn-rev1&sourceid=chrome-mobile&ie=UTF-8,3
98,https://www.google.com/search?q=kushang+gonawala&oq=kushang+gonawala&aqs=chrome..69i57.5491j0j9&client=ms-android-samsung-gn-rev1&sourceid=chrome-mobile&ie=UTF-8,3
99,https://www.google.com/search?q=kushang+gonawala&oq=kushang+gonawala&aqs=chrome..69i57.5491j0j9&client=ms-android-samsung-gn-rev1&sourceid=chrome-mobile&ie=UTF-8#sbfbu=1&pi=kushang%20gonawala,3
100,https://www.google.com/search?q=kushang+gonawala+linkedin&client=ms-android-samsung-gn-rev1&ei=_4rHYOLSONOw5NoPzNa9wAM&oq=kushang+gonawala+link&gs_lcp=ChNtb2JpbGUtZ3dzLXdpei1zZXJwEAEYADIFCCEQoAE6BggAEBYQHjoFCCEQqwJQoQVYsR1gliJoAHAAeACAAX2IAaQFkgEDMC42mAEAoAEBwAEB&sclient=mobile-gws-wiz-serp,3
101,https://www.digital4n6india.com/index.php/2020/06/21/digital-forensic-professionals-in-india-i/,29
102,https://www.digital4n6india.com/index.php/2020/06/21/digital-forensic-professionals-in-india-i/,30
103,https://www.google.com/search?q=hidden+photos+apps&oq=hidden+photos+apps&aqs=chrome..69i57j0i390l4.6000j0j7&client=ms-android-samsung-gn-rev1&sourceid=chrome-mobile&ie=UTF-8,3
104,https://analytics.twitter.com/mob_idsync_click?slug=FrC8dA5pNZ&idb=AAAAEIAgGy8BJOQYsZvtAxM_gMK2j0iLx3vIWJGf1UvKvnnsrgsHc-qIfteD5NQEmIWYPw20-8tpTRHcuL2i5gj1BXNA2UeBqgT49XfacuKpKSIOOria7U_WhqweblOQEGjSI2Tkv4pHlX90D-LJ8EXGuRLtRfIlYuH3RlQtPbvQjmUGfC3Ti0Gu_7rTdNcD7f1W6i15W81-P-mkY8ohevxccXt3CI4hSHmxh_07_lLvYUxkYttqR9p6XfMBECAofK2iIWJheAVI5vXpUK8Cu6x0PQ&tailored_ads=true&ad_tracking=true,31
105,https://t.co/FrC8dA5pNZ,31
106,https://www.sans.org/mlp/ken-johnson-scholarship-2021/?msc=home%3Futm_medium%3DSocial&utm_source=Twitter&utm_content=KEN%20JOHNSON_VMR&utm_campaign=Digital%20Forensics%20Summit%20Training,31
107,https://www.sans.org/mlp/ken-johnson-scholarship-2021/?msc=home?utm_medium=Social&utm_source=Twitter&utm_content=KEN+JOHNSON_VMR&utm_campaign=Digital+Forensics+Summit+Training,31
108,https://www.sans.org/u/1euU,31
109,https://analytics.twitter.com/mob_idsync_click?slug=FrC8dA5pNZ&idb=AAAAEIAgGy8BJOQYsZvtAxM_gMK2j0iLx3vIWJGf1UvKvnnsrgsHc-qIfteD5NQEmIWYPw20-8tpTRHcuL2i5gj1BXNA2UeBqgT49XfacuKpKSIOOria7U_WhqweblOQEGjSI2Tkv4pHlX90D-LJ8EXGuRLtRfIlYuH3RlQtPbvQjmUGfC3Ti0Gu_7rTdNcD7f1W6i15W81-P-mkY8ohevxccXt3CI4hSHmxh_07_lLvYUxkYttqR9p6XfMBECAofK2iIWJheAVI5vXpUK8Cu6x0PQ&tailored_ads=true&ad_tracking=true,32
110,https://t.co/FrC8dA5pNZ,32
111,https://www.sans.org/mlp/ken-johnson-scholarship-2021/?msc=home%3Futm_medium%3DSocial&utm_source=Twitter&utm_content=KEN%20JOHNSON_VMR&utm_campaign=Digital%20Forensics%20Summit%20Training,32
112,https://www.sans.org/mlp/ken-johnson-scholarship-2021/?msc=home?utm_medium=Social&utm_source=Twitter&utm_content=KEN+JOHNSON_VMR&utm_campaign=Digital+Forensics+Summit+Training,32
113,https://www.sans.org/u/1euU,32
114,https://survey.sans.org/jfe/form/SV_0iYXkJGxxGMQV9k?_ga=2.19831672.1796572569.1623900060-769600534.1623900060,33
115,https://survey.sans.org/jfe/form/SV_0iYXkJGxxGMQV9k?_ga=2.19831672.1796572569.1623900060-769600534.1623900060,34
116,https://t.co/do0Vf3Jf6A?amp=1,35
117,https://thebinaryhick.blog/2021/06/17/corroboration-that-is-all/amp/,35
118,https://thebinaryhick.blog/2021/06/17/corroboration-that-is-all/amp/#click=https://t.co/do0Vf3Jf6A,35
119,https://thebinaryhick.blog/2021/06/17/corroboration-that-is-all/amp/?__twitter_impression=true,35
120,http://www.southernchryslerjeepdodge.com/inventory/-5J6RW2H81HL075693/?utm_source=cargurus.com&utm_medium=referral&utm_campaign=cargurus_listings,36
121,http://www.southernchryslerjeepdodge.com/inventory/-5J6RW2H81HL075693?utm_source=cargurus.com&utm_medium=referral&utm_campaign=cargurus_listings,36
122,https://www.cargurus.com/Cars/Link?url=http%3A%2F%2Fwww.southernchryslerjeepdodge.com%2Finventory%2F-5J6RW2H81HL075693%3Futm_source%3Dcargurus.com%26utm_medium%3Dreferral%26utm_campaign%3Dcargurus_listings&hmac=B98BE7707D9CA6F36B97A3EF6A194844C5308B31,36
123,http://www.southernchryslerjeepdodge.com/inventory/-5J6RW2H81HL075693/?utm_source=cargurus.com&utm_medium=referral&utm_campaign=cargurus_listings,37
124,http://www.southernchryslerjeepdodge.com/inventory/-5J6RW2H81HL075693?utm_source=cargurus.com&utm_medium=referral&utm_campaign=cargurus_listings,37
125,https://www.cargurus.com/Cars/Link?url=http%3A%2F%2Fwww.southernchryslerjeepdodge.com%2Finventory%2F-5J6RW2H81HL075693%3Futm_source%3Dcargurus.com%26utm_medium%3Dreferral%26utm_campaign%3Dcargurus_listings&hmac=B98BE7707D9CA6F36B97A3EF6A194844C5308B31,37
126,http://www.carfax.com/VehicleHistory/p/Report.cfx?partner=DEY_0&vin=5J6RW2H81HL075693&_ga=2.191029290.1041620341.1625509391-262632043.1625509391,38
127,https://www.carfax.com/VehicleHistory/p/Report.cfx?partner=DEY_0&vin=5J6RW2H81HL075693&_ga=2.191029290.1041620341.1625509391-262632043.1625509391,38
128,https://accounts.google.com/o/oauth2/auth/identifier?response_type=code&redirect_uri=https%3A%2F%2Fauth.carfax.com%2Flogin%2Fcallback&scope=email%20profile&state=2ilasIyVAWa_3Hz-t4El0zlxTruP3qoi&client_id=710798668330-2qg72pkkquprfkur47ut4kmj28s360le.apps.googleusercontent.com&flowName=GeneralOAuthFlow,39
129,https://auth.carfax.com/authorize?audience=https%3A%2F%2Fwww.carfax.com%2Fapi&auth0Client=eyJuYW1lIjoiQXV0aDAuQW5kcm9pZCIsImVudiI6eyJhbmRyb2lkIjoiMzAifSwidmVyc2lvbiI6IjEuMjMuMCJ9&scope=openid%20email%20profile&response_type=code&connection=facebook&code_challenge_method=S256&redirect_uri=carfax%3A%2F%2Fauth.carfax.com%2Fandroid%2Fcom.carfax.consumer%2Fcallback&state=cbKKr5Bb_oyA9KMUImFtyWib2PTpiL6ybtK8BRaK3qM&nonce=vDzRmnfX3TLqN3hoGCiwqdWDN-jnjWCuFoB7zShTIwY&code_challenge=eEq9JqDmreYwHHb707asldkAaOy8lUiZ9ATEB1LrO70&client_id=jsTd8pkAqICRlYm4RMllP21PvuAzg71r,40
130,https://m.facebook.com/dialog/oauth?encrypted_query_string=AeDz0aP4BWauIcTOgpL5E7it6aQlmNzRuY9iZ0f4DCb9Xw_HXUVd2mxIneQcFxYRUoG5aL-xhFfeni1CxjC4VN9taS9kLce-AF2ndVPKjWl6laCxzNzMI8C__YPPHYPIrs1VplxrEbmsqVd5d64LmkyXt2h5NzTodlXrvD-Co5SkIZOXITlSnIl83W9bhSIECCbrTL3ewX_ExFFBJ8WHAlxsXNDAZdu9K0h7voYWpA7P4OkYUxTGHZp5b7TXWaE96iGHa-Cz3XZrIWNT3oRNRrv-fdhT1AxNwnYHHGShYTixdOojVhM,40
131,https://m.facebook.com/login.php?skip_api_login=1&api_key=299084426848078&kid_directed_site=0&app_id=299084426848078&signed_next=1&next=https%3A%2F%2Fm.facebook.com%2Fdialog%2Foauth%3Fdisplay%3Dtouch%26response_type%3Dcode%26redirect_uri%3Dhttps%253A%252F%252Fauth.carfax.com%252Flogin%252Fcallback%26scope%3Dpublic_profile%252Cemail%26state%3DcNFtSPlqNQNg10ePlWe4Scv4sEfuYEy0%26client_id%3D299084426848078%26ret%3Dlogin%26fbapp_pres%3D0%26logger_id%3D5d9c71e2-11c0-4adc-892b-de4167327793%26tp%3Dunspecified&cancel_url=https%3A%2F%2Fauth.carfax.com%2Flogin%2Fcallback%3Ferror%3Daccess_denied%26error_code%3D200%26error_description%3DPermissions%2Berror%26error_reason%3Duser_denied%26state%3DcNFtSPlqNQNg10ePlWe4Scv4sEfuYEy0%23_%3D_&display=touch&locale=en_US&pl_dbl=0&refsrc=deprecated&_rdr,40
132,https://www.facebook.com/dialog/oauth?display=touch&response_type=code&redirect_uri=https%3A%2F%2Fauth.carfax.com%2Flogin%2Fcallback&scope=public_profile%2Cemail&state=cNFtSPlqNQNg10ePlWe4Scv4sEfuYEy0&client_id=299084426848078,40
133,https://accounts.google.com/o/oauth2/auth?response_type=code&redirect_uri=https%3A%2F%2Fauth.carfax.com%2Flogin%2Fcallback&scope=email%20profile&state=orvNFeKbC9KY6b-2XjbSXXmPIxjQ7Wla&client_id=710798668330-2qg72pkkquprfkur47ut4kmj28s360le.apps.googleusercontent.com,39
134,https://auth.carfax.com/authorize?audience=https%3A%2F%2Fwww.carfax.com%2Fapi&auth0Client=eyJuYW1lIjoiQXV0aDAuQW5kcm9pZCIsImVudiI6eyJhbmRyb2lkIjoiMzAifSwidmVyc2lvbiI6IjEuMjMuMCJ9&scope=openid%20email%20profile&response_type=code&connection=google-oauth2&code_challenge_method=S256&redirect_uri=carfax%3A%2F%2Fauth.carfax.com%2Fandroid%2Fcom.carfax.consumer%2Fcallback&state=YHCylZAT2gWANiEsdQrmOlop22qT5bfV90AE66XCHjU&nonce=OawDAYfI_JeuzuJraQjdwjFQcjH6YsCatruV-9Mfd2Y&code_challenge=SnRf-d-7lasz8wCT5uPbND8pjQoAHIE79Hk87Y3WZQc&client_id=jsTd8pkAqICRlYm4RMllP21PvuAzg71r,39
135,https://accounts.google.com/o/oauth2/auth/identifier?response_type=code&redirect_uri=https%3A%2F%2Fauth.carfax.com%2Flogin%2Fcallback&scope=email%20profile&state=orvNFeKbC9KY6b-2XjbSXXmPIxjQ7Wla&client_id=710798668330-2qg72pkkquprfkur47ut4kmj28s360le.apps.googleusercontent.com&flowName=GeneralOAuthFlow,39
136,https://www.google.com/search?q=cheap+obd+scanner&oq=cheap+odb+&aqs=chrome.1.69i57j0i13l2j0i13i30j0i10i13i30.4316j0j7&client=ms-android-samsung-gn-rev1&sourceid=chrome-mobile&ie=UTF-8,3
137,https://www.google.com/search?q=cheap+obd+scanner&oq=cheap+odb+&aqs=chrome.1.69i57j0i13l2j0i13i30j0i10i13i30.4316j0j7&client=ms-android-samsung-gn-rev1&sourceid=chrome-mobile&ie=UTF-8#scso=_-FLjYKHpJ7m4qtsPxtC3gAM37:3.809523820877075,3
138,https://www.google.com/search?q=cheap+obd+scanner&oq=cheap+odb+&aqs=chrome.1.69i57j0i13l2j0i13i30j0i10i13i30.4316j0j7&client=ms-android-samsung-gn-rev1&sourceid=chrome-mobile&ie=UTF-8#scso=_-FLjYKHpJ7m4qtsPxtC3gAM37:42.66666793823242,3
139,https://www.google.com/search?q=cheap+obd+scanner&oq=cheap+odb+&aqs=chrome.1.69i57j0i13l2j0i13i30j0i10i13i30.4316j0j7&client=ms-android-samsung-gn-rev1&sourceid=chrome-mobile&ie=UTF-8#scso=_-FLjYKHpJ7m4qtsPxtC3gAM37:44.57143020629883,3
140,https://www.google.com/search?q=cheap+obd+scanner&oq=cheap+odb+&aqs=chrome.1.69i57j0i13l2j0i13i30j0i10i13i30.4316j0j7&client=ms-android-samsung-gn-rev1&sourceid=chrome-mobile&ie=UTF-8#scso=_-FLjYKHpJ7m4qtsPxtC3gAM37:46.47618865966797,3
141,https://www.google.com/search?q=cheap+obd+scanner&oq=cheap+odb+&aqs=chrome.1.69i57j0i13l2j0i13i30j0i10i13i30.4316j0j7&client=ms-android-samsung-gn-rev1&sourceid=chrome-mobile&ie=UTF-8#scso=_-FLjYKHpJ7m4qtsPxtC3gAM37:66.28571319580078,3
142,https://www.google.com/search?q=cheap+obd+scanner&oq=cheap+odb+&aqs=chrome.1.69i57j0i13l2j0i13i30j0i10i13i30.4316j0j7&client=ms-android-samsung-gn-rev1&sourceid=chrome-mobile&ie=UTF-8#scso=_-FLjYKHpJ7m4qtsPxtC3gAM37:72.38095092773438,3
143,https://www.google.com/search?q=cheap+obd+scanner&oq=cheap+odb+&aqs=chrome.1.69i57j0i13l2j0i13i30j0i10i13i30.4316j0j7&client=ms-android-samsung-gn-rev1&sourceid=chrome-mobile&ie=UTF-8#scso=_-FLjYKHpJ7m4qtsPxtC3gAM37:75.04762268066406,3
144,https://www.google.com/search?q=cheap+obd+scanner&oq=cheap+odb+&aqs=chrome.1.69i57j0i13l2j0i13i30j0i10i13i30.4316j0j7&client=ms-android-samsung-gn-rev1&sourceid=chrome-mobile&ie=UTF-8#scso=_-FLjYKHpJ7m4qtsPxtC3gAM37:77.33333587646484,3
145,https://www.google.com/search?q=cheap+obd+scanner&oq=cheap+odb+&aqs=chrome.1.69i57j0i13l2j0i13i30j0i10i13i30.4316j0j7&client=ms-android-samsung-gn-rev1&sourceid=chrome-mobile&ie=UTF-8#scso=_-FLjYKHpJ7m4qtsPxtC3gAM37:78.0952377319336,3
146,https://www.google.com/search?q=cheap+obd+scanner&oq=cheap+odb+&aqs=chrome.1.69i57j0i13l2j0i13i30j0i10i13i30.4316j0j7&client=ms-android-samsung-gn-rev1&sourceid=chrome-mobile&ie=UTF-8#scso=_-FLjYKHpJ7m4qtsPxtC3gAM37:81.52381134033203,3
147,https://www.google.com/search?q=cheap+obd+scanner&oq=cheap+odb+&aqs=chrome.1.69i57j0i13l2j0i13i30j0i10i13i30.4316j0j7&client=ms-android-samsung-gn-rev1&sourceid=chrome-mobile&ie=UTF-8#scso=_-FLjYKHpJ7m4qtsPxtC3gAM37:91.42857360839844,3
148,https://www.google.com/search?q=cheap+obd+scanner&oq=cheap+odb+&aqs=chrome.1.69i57j0i13l2j0i13i30j0i10i13i30.4316j0j7&client=ms-android-samsung-gn-rev1&sourceid=chrome-mobile&ie=UTF-8#scso=_-FLjYKHpJ7m4qtsPxtC3gAM37:97.9047622680664,3
149,https://www.google.com/search?q=cheap+obd+scanner&oq=cheap+odb+&aqs=chrome.1.69i57j0i13l2j0i13i30j0i10i13i30.4316j0j7&client=ms-android-samsung-gn-rev1&sourceid=chrome-mobile&ie=UTF-8#scso=_-FLjYKHpJ7m4qtsPxtC3gAM37:94.0952377319336,3
150,https://www.google.com/search?q=cheap+obd+scanner&oq=cheap+odb+&aqs=chrome.1.69i57j0i13l2j0i13i30j0i10i13i30.4316j0j7&client=ms-android-samsung-gn-rev1&sourceid=chrome-mobile&ie=UTF-8#scso=_-FLjYKHpJ7m4qtsPxtC3gAM37:79.23809814453125,3
151,https://www.google.com/search?q=cheap+obd+scanner&oq=cheap+odb+&aqs=chrome.1.69i57j0i13l2j0i13i30j0i10i13i30.4316j0j7&client=ms-android-samsung-gn-rev1&sourceid=chrome-mobile&ie=UTF-8#scso=_-FLjYKHpJ7m4qtsPxtC3gAM37:68.57142639160156,3
152,https://www.google.com/search?q=cheap+obd+scanner&oq=cheap+odb+&aqs=chrome.1.69i57j0i13l2j0i13i30j0i10i13i30.4316j0j7&client=ms-android-samsung-gn-rev1&sourceid=chrome-mobile&ie=UTF-8#scso=_-FLjYKHpJ7m4qtsPxtC3gAM37:63.619049072265625,3
153,https://www.google.com/search?q=cheap+obd+scanner&oq=cheap+odb+&aqs=chrome.1.69i57j0i13l2j0i13i30j0i10i13i30.4316j0j7&client=ms-android-samsung-gn-rev1&sourceid=chrome-mobile&ie=UTF-8#scso=_-FLjYKHpJ7m4qtsPxtC3gAM37:67.80952453613281,3
154,https://www.google.com/search?q=cheap+obd+scanner&oq=cheap+odb+&aqs=chrome.1.69i57j0i13l2j0i13i30j0i10i13i30.4316j0j7&client=ms-android-samsung-gn-rev1&sourceid=chrome-mobile&ie=UTF-8#scso=_-FLjYKHpJ7m4qtsPxtC3gAM37:70.85713958740234,3
155,https://www.google.com/search?q=cheap+obd+scanner&oq=cheap+odb+&aqs=chrome.1.69i57j0i13l2j0i13i30j0i10i13i30.4316j0j7&client=ms-android-samsung-gn-rev1&sourceid=chrome-mobile&ie=UTF-8#scso=_-FLjYKHpJ7m4qtsPxtC3gAM37:76.95237731933594,3
156,https://www.google.com/search?q=cheap+obd+scanner&oq=cheap+odb+&aqs=chrome.1.69i57j0i13l2j0i13i30j0i10i13i30.4316j0j7&client=ms-android-samsung-gn-rev1&sourceid=chrome-mobile&ie=UTF-8#scso=_-FLjYKHpJ7m4qtsPxtC3gAM37:158.85714721679688,3
157,https://www.google.com/search?q=cheap+obd+scanner&oq=cheap+odb+&aqs=chrome.1.69i57j0i13l2j0i13i30j0i10i13i30.4316j0j7&client=ms-android-samsung-gn-rev1&sourceid=chrome-mobile&ie=UTF-8#scso=_-FLjYKHpJ7m4qtsPxtC3gAM37:159.61904907226562,3
158,https://www.google.com/search?q=cheap+obd+scanner&oq=cheap+odb+&aqs=chrome.1.69i57j0i13l2j0i13i30j0i10i13i30.4316j0j7&client=ms-android-samsung-gn-rev1&sourceid=chrome-mobile&ie=UTF-8#scso=_-FLjYKHpJ7m4qtsPxtC3gAM37:164.57142639160156,3
159,https://www.google.com/search?q=cheap+obd+scanner&oq=cheap+odb+&aqs=chrome.1.69i57j0i13l2j0i13i30j0i10i13i30.4316j0j7&client=ms-android-samsung-gn-rev1&sourceid=chrome-mobile&ie=UTF-8#scso=_-FLjYKHpJ7m4qtsPxtC3gAM37:212.95237731933594,3
160,https://www.google.com/search?q=cheap+obd+scanner&oq=cheap+odb+&aqs=chrome.1.69i57j0i13l2j0i13i30j0i10i13i30.4316j0j7&client=ms-android-samsung-gn-rev1&sourceid=chrome-mobile&ie=UTF-8#scso=_-FLjYKHpJ7m4qtsPxtC3gAM37:267.80950927734375,3
161,https://www.google.com/search?q=cheap+obd+scanner&oq=cheap+odb+&aqs=chrome.1.69i57j0i13l2j0i13i30j0i10i13i30.4316j0j7&client=ms-android-samsung-gn-rev1&sourceid=chrome-mobile&ie=UTF-8#scso=_-FLjYKHpJ7m4qtsPxtC3gAM37:281.9047546386719,3
162,https://www.google.com/search?q=cheap+obd+scanner&oq=cheap+odb+&aqs=chrome.1.69i57j0i13l2j0i13i30j0i10i13i30.4316j0j7&client=ms-android-samsung-gn-rev1&sourceid=chrome-mobile&ie=UTF-8#scso=_-FLjYKHpJ7m4qtsPxtC3gAM37:280.76190185546875,3
163,https://www.google.com/search?q=cheap+obd+scanner&oq=cheap+odb+&aqs=chrome.1.69i57j0i13l2j0i13i30j0i10i13i30.4316j0j7&client=ms-android-samsung-gn-rev1&sourceid=chrome-mobile&ie=UTF-8#scso=_-FLjYKHpJ7m4qtsPxtC3gAM37:265.5238037109375,3
164,https://www.google.com/search?q=cheap+obd+scanner&oq=cheap+odb+&aqs=chrome.1.69i57j0i13l2j0i13i30j0i10i13i30.4316j0j7&client=ms-android-samsung-gn-rev1&sourceid=chrome-mobile&ie=UTF-8#scso=_-FLjYKHpJ7m4qtsPxtC3gAM37:245.3333282470703,3
165,https://www.google.com/search?q=cheap+obd+scanner&oq=cheap+odb+&aqs=chrome.1.69i57j0i13l2j0i13i30j0i10i13i30.4316j0j7&client=ms-android-samsung-gn-rev1&sourceid=chrome-mobile&ie=UTF-8#scso=_-FLjYKHpJ7m4qtsPxtC3gAM37:204.1904754638672,3
166,https://www.google.com/search?q=cheap+obd+scanner&oq=cheap+odb+&aqs=chrome.1.69i57j0i13l2j0i13i30j0i10i13i30.4316j0j7&client=ms-android-samsung-gn-rev1&sourceid=chrome-mobile&ie=UTF-8#scso=_-FLjYKHpJ7m4qtsPxtC3gAM37:205.3333282470703,3
167,https://www.google.com/search?q=cheap+obd+scanner&oq=cheap+odb+&aqs=chrome.1.69i57j0i13l2j0i13i30j0i10i13i30.4316j0j7&client=ms-android-samsung-gn-rev1&sourceid=chrome-mobile&ie=UTF-8#scso=_-FLjYKHpJ7m4qtsPxtC3gAM37:238.4761962890625,3
168,https://www.google.com/search?q=cheap+obd+scanner&oq=cheap+odb+&aqs=chrome.1.69i57j0i13l2j0i13i30j0i10i13i30.4316j0j7&client=ms-android-samsung-gn-rev1&sourceid=chrome-mobile&ie=UTF-8#scso=_-FLjYKHpJ7m4qtsPxtC3gAM37:241.14285278320312,3
169,https://www.google.com/search?q=cheap+obd+scanner&oq=cheap+odb+&aqs=chrome.1.69i57j0i13l2j0i13i30j0i10i13i30.4316j0j7&client=ms-android-samsung-gn-rev1&sourceid=chrome-mobile&ie=UTF-8#scso=_-FLjYKHpJ7m4qtsPxtC3gAM37:249.5238037109375,3
170,https://www.google.com/search?q=cheap+obd+scanner&oq=cheap+odb+&aqs=chrome.1.69i57j0i13l2j0i13i30j0i10i13i30.4316j0j7&client=ms-android-samsung-gn-rev1&sourceid=chrome-mobile&ie=UTF-8#scso=_-FLjYKHpJ7m4qtsPxtC3gAM37:366.8571472167969,3
171,https://www.google.com/search?q=cheap+obd+scanner&oq=cheap+odb+&aqs=chrome.1.69i57j0i13l2j0i13i30j0i10i13i30.4316j0j7&client=ms-android-samsung-gn-rev1&sourceid=chrome-mobile&ie=UTF-8#scso=_-FLjYKHpJ7m4qtsPxtC3gAM37:379.4285583496094,3
172,https://www.google.com/search?q=cheap+obd+scanner&oq=cheap+odb+&aqs=chrome.1.69i57j0i13l2j0i13i30j0i10i13i30.4316j0j7&client=ms-android-samsung-gn-rev1&sourceid=chrome-mobile&ie=UTF-8#scso=_-FLjYKHpJ7m4qtsPxtC3gAM37:375.23809814453125,3
173,https://www.google.com/search?q=cheap+obd+scanner&oq=cheap+odb+&aqs=chrome.1.69i57j0i13l2j0i13i30j0i10i13i30.4316j0j7&client=ms-android-samsung-gn-rev1&sourceid=chrome-mobile&ie=UTF-8#scso=_-FLjYKHpJ7m4qtsPxtC3gAM37:361.5238037109375,3
174,https://www.google.com/search?q=cheap+obd+scanner&oq=cheap+odb+&aqs=chrome.1.69i57j0i13l2j0i13i30j0i10i13i30.4316j0j7&client=ms-android-samsung-gn-rev1&sourceid=chrome-mobile&ie=UTF-8#scso=_-FLjYKHpJ7m4qtsPxtC3gAM37:356.19049072265625,3
175,https://www.google.com/search?q=cheap+obd+scanner&oq=cheap+odb+&aqs=chrome.1.69i57j0i13l2j0i13i30j0i10i13i30.4316j0j7&client=ms-android-samsung-gn-rev1&sourceid=chrome-mobile&ie=UTF-8#scso=_-FLjYKHpJ7m4qtsPxtC3gAM37:358.0952453613281,3
176,https://www.google.com/search?q=cheap+obd+scanner&oq=cheap+odb+&aqs=chrome.1.69i57j0i13l2j0i13i30j0i10i13i30.4316j0j7&client=ms-android-samsung-gn-rev1&sourceid=chrome-mobile&ie=UTF-8#scso=_-FLjYKHpJ7m4qtsPxtC3gAM37:368,3
177,https://www.google.com/search?q=cheap+obd+scanner&oq=cheap+odb+&aqs=chrome.1.69i57j0i13l2j0i13i30j0i10i13i30.4316j0j7&client=ms-android-samsung-gn-rev1&sourceid=chrome-mobile&ie=UTF-8#scso=_-FLjYKHpJ7m4qtsPxtC3gAM37:372.952392578125,3
178,https://www.google.com/search?q=cheap+obd+scanner&oq=cheap+odb+&aqs=chrome.1.69i57j0i13l2j0i13i30j0i10i13i30.4316j0j7&client=ms-android-samsung-gn-rev1&sourceid=chrome-mobile&ie=UTF-8#scso=_-FLjYKHpJ7m4qtsPxtC3gAM37:405.3333435058594,3
179,https://www.google.com/search?q=cheap+obd+scanner&oq=cheap+odb+&aqs=chrome.1.69i57j0i13l2j0i13i30j0i10i13i30.4316j0j7&client=ms-android-samsung-gn-rev1&sourceid=chrome-mobile&ie=UTF-8#scso=_-FLjYKHpJ7m4qtsPxtC3gAM37:407.23809814453125,3
180,https://www.google.com/search?q=cheap+obd+scanner&oq=cheap+odb+&aqs=chrome.1.69i57j0i13l2j0i13i30j0i10i13i30.4316j0j7&client=ms-android-samsung-gn-rev1&sourceid=chrome-mobile&ie=UTF-8#scso=_-FLjYKHpJ7m4qtsPxtC3gAM37:403.4285583496094,3
181,https://www.google.com/search?q=cheap+obd+scanner&oq=cheap+odb+&aqs=chrome.1.69i57j0i13l2j0i13i30j0i10i13i30.4316j0j7&client=ms-android-samsung-gn-rev1&sourceid=chrome-mobile&ie=UTF-8#scso=_-FLjYKHpJ7m4qtsPxtC3gAM37:409.1428527832031,3
182,https://www.google.com/search?q=cheap+obd+scanner&oq=cheap+odb+&aqs=chrome.1.69i57j0i13l2j0i13i30j0i10i13i30.4316j0j7&client=ms-android-samsung-gn-rev1&sourceid=chrome-mobile&ie=UTF-8#scso=_-FLjYKHpJ7m4qtsPxtC3gAM37:413.3333435058594,3
183,https://www.google.com/search?q=cheap+obd+scanner&oq=cheap+odb+&aqs=chrome.1.69i57j0i13l2j0i13i30j0i10i13i30.4316j0j7&client=ms-android-samsung-gn-rev1&sourceid=chrome-mobile&ie=UTF-8#scso=_-FLjYKHpJ7m4qtsPxtC3gAM37:444.19049072265625,3
184,https://www.google.com/search?q=cheap+obd+scanner&oq=cheap+odb+&aqs=chrome.1.69i57j0i13l2j0i13i30j0i10i13i30.4316j0j7&client=ms-android-samsung-gn-rev1&sourceid=chrome-mobile&ie=UTF-8#scso=_-FLjYKHpJ7m4qtsPxtC3gAM37:449.5238037109375,3
185,https://www.google.com/search?q=cheap+obd+scanner&oq=cheap+odb+&aqs=chrome.1.69i57j0i13l2j0i13i30j0i10i13i30.4316j0j7&client=ms-android-samsung-gn-rev1&sourceid=chrome-mobile&ie=UTF-8#scso=_-FLjYKHpJ7m4qtsPxtC3gAM37:495.6190490722656,3
186,https://www.google.com/search?q=cheap+obd+scanner&oq=cheap+odb+&aqs=chrome.1.69i57j0i13l2j0i13i30j0i10i13i30.4316j0j7&client=ms-android-samsung-gn-rev1&sourceid=chrome-mobile&ie=UTF-8#scso=_-FLjYKHpJ7m4qtsPxtC3gAM37:545.1428833007812,3
187,https://www.google.com/search?q=cheap+obd+scanner&oq=cheap+odb+&aqs=chrome.1.69i57j0i13l2j0i13i30j0i10i13i30.4316j0j7&client=ms-android-samsung-gn-rev1&sourceid=chrome-mobile&ie=UTF-8#scso=_-FLjYKHpJ7m4qtsPxtC3gAM37:553.90478515625,3
188,https://www.google.com/search?q=cheap+obd+scanner&oq=cheap+odb+&aqs=chrome.1.69i57j0i13l2j0i13i30j0i10i13i30.4316j0j7&client=ms-android-samsung-gn-rev1&sourceid=chrome-mobile&ie=UTF-8#scso=_-FLjYKHpJ7m4qtsPxtC3gAM37:556.5714111328125,3
189,https://www.google.com/search?q=cheap+obd+scanner&oq=cheap+odb+&aqs=chrome.1.69i57j0i13l2j0i13i30j0i10i13i30.4316j0j7&client=ms-android-samsung-gn-rev1&sourceid=chrome-mobile&ie=UTF-8#scso=_-FLjYKHpJ7m4qtsPxtC3gAM37:614.09521484375,3
190,https://www.google.com/search?q=cheap+obd+scanner&oq=cheap+odb+&aqs=chrome.1.69i57j0i13l2j0i13i30j0i10i13i30.4316j0j7&client=ms-android-samsung-gn-rev1&sourceid=chrome-mobile&ie=UTF-8#scso=_-FLjYKHpJ7m4qtsPxtC3gAM37:650.6666870117188,3
191,https://www.google.com/search?q=cheap+obd+scanner&oq=cheap+odb+&aqs=chrome.1.69i57j0i13l2j0i13i30j0i10i13i30.4316j0j7&client=ms-android-samsung-gn-rev1&sourceid=chrome-mobile&ie=UTF-8#scso=_-FLjYKHpJ7m4qtsPxtC3gAM37:672.7619018554688,3
192,https://www.google.com/search?q=cheap+obd+scanner&oq=cheap+odb+&aqs=chrome.1.69i57j0i13l2j0i13i30j0i10i13i30.4316j0j7&client=ms-android-samsung-gn-rev1&sourceid=chrome-mobile&ie=UTF-8#scso=_-FLjYKHpJ7m4qtsPxtC3gAM37:682.6666870117188,3
193,https://www.google.com/search?q=cheap+obd+scanner&oq=cheap+odb+&aqs=chrome.1.69i57j0i13l2j0i13i30j0i10i13i30.4316j0j7&client=ms-android-samsung-gn-rev1&sourceid=chrome-mobile&ie=UTF-8#scso=_-FLjYKHpJ7m4qtsPxtC3gAM37:685.3333129882812,3
194,https://www.google.com/search?q=cheap+obd+scanner&oq=cheap+odb+&aqs=chrome.1.69i57j0i13l2j0i13i30j0i10i13i30.4316j0j7&client=ms-android-samsung-gn-rev1&sourceid=chrome-mobile&ie=UTF-8#scso=_-FLjYKHpJ7m4qtsPxtC3gAM37:686.4761962890625,3
195,https://www.google.com/search?q=cheap+obd+scanner&oq=cheap+odb+&aqs=chrome.1.69i57j0i13l2j0i13i30j0i10i13i30.4316j0j7&client=ms-android-samsung-gn-rev1&sourceid=chrome-mobile&ie=UTF-8#scso=_-FLjYKHpJ7m4qtsPxtC3gAM37:683.8095092773438,3
196,https://www.google.com/search?q=cheap+obd+scanner&oq=cheap+odb+&aqs=chrome.1.69i57j0i13l2j0i13i30j0i10i13i30.4316j0j7&client=ms-android-samsung-gn-rev1&sourceid=chrome-mobile&ie=UTF-8#scso=_-FLjYKHpJ7m4qtsPxtC3gAM37:684.5714111328125,3
197,https://www.google.com/search?q=cheap+obd+scanner&oq=cheap+odb+&aqs=chrome.1.69i57j0i13l2j0i13i30j0i10i13i30.4316j0j7&client=ms-android-samsung-gn-rev1&sourceid=chrome-mobile&ie=UTF-8#scso=_-FLjYKHpJ7m4qtsPxtC3gAM37:685.7142944335938,3
198,https://www.google.com/search?q=cheap+obd+scanner&oq=cheap+odb+&aqs=chrome.1.69i57j0i13l2j0i13i30j0i10i13i30.4316j0j7&client=ms-android-samsung-gn-rev1&sourceid=chrome-mobile&ie=UTF-8#scso=_-FLjYKHpJ7m4qtsPxtC3gAM37:686.09521484375,3
199,https://www.google.com/search?q=cheap+obd+scanner&oq=cheap+odb+&aqs=chrome.1.69i57j0i13l2j0i13i30j0i10i13i30.4316j0j7&client=ms-android-samsung-gn-rev1&sourceid=chrome-mobile&ie=UTF-8#scso=_-FLjYKHpJ7m4qtsPxtC3gAM37:686.8571166992188,3
200,https://www.google.com/search?q=cheap+obd+scanner&oq=cheap+odb+&aqs=chrome.1.69i57j0i13l2j0i13i30j0i10i13i30.4316j0j7&client=ms-android-samsung-gn-rev1&sourceid=chrome-mobile&ie=UTF-8#scso=_-FLjYKHpJ7m4qtsPxtC3gAM37:688,3
201,https://www.google.com/search?q=cheap+obd+scanner&oq=cheap+odb+&aqs=chrome.1.69i57j0i13l2j0i13i30j0i10i13i30.4316j0j7&client=ms-android-samsung-gn-rev1&sourceid=chrome-mobile&ie=UTF-8#scso=_-FLjYKHpJ7m4qtsPxtC3gAM37:777.90478515625,3
202,https://www.google.com/search?q=cheap+obd+scanner&oq=cheap+odb+&aqs=chrome.1.69i57j0i13l2j0i13i30j0i10i13i30.4316j0j7&client=ms-android-samsung-gn-rev1&sourceid=chrome-mobile&ie=UTF-8#scso=_-FLjYKHpJ7m4qtsPxtC3gAM37:798.4761962890625,3
203,https://www.google.com/search?q=cheap+obd+scanner&oq=cheap+odb+&aqs=chrome.1.69i57j0i13l2j0i13i30j0i10i13i30.4316j0j7&client=ms-android-samsung-gn-rev1&sourceid=chrome-mobile&ie=UTF-8#scso=_-FLjYKHpJ7m4qtsPxtC3gAM37:800,3
204,https://www.google.com/search?q=cheap+obd+scanner&oq=cheap+odb+&aqs=chrome.1.69i57j0i13l2j0i13i30j0i10i13i30.4316j0j7&client=ms-android-samsung-gn-rev1&sourceid=chrome-mobile&ie=UTF-8#scso=_-FLjYKHpJ7m4qtsPxtC3gAM37:850.2857055664062,3
205,https://www.google.com/search?q=cheap+obd+scanner&oq=cheap+odb+&aqs=chrome.1.69i57j0i13l2j0i13i30j0i10i13i30.4316j0j7&client=ms-android-samsung-gn-rev1&sourceid=chrome-mobile&ie=UTF-8#scso=_-FLjYKHpJ7m4qtsPxtC3gAM37:863.6190185546875,3
206,https://www.google.com/search?q=cheap+obd+scanner&oq=cheap+odb+&aqs=chrome.1.69i57j0i13l2j0i13i30j0i10i13i30.4316j0j7&client=ms-android-samsung-gn-rev1&sourceid=chrome-mobile&ie=UTF-8#scso=_-FLjYKHpJ7m4qtsPxtC3gAM37:893.7142944335938,3
207,https://www.google.com/search?q=cheap+obd+scanner&oq=cheap+odb+&aqs=chrome.1.69i57j0i13l2j0i13i30j0i10i13i30.4316j0j7&client=ms-android-samsung-gn-rev1&sourceid=chrome-mobile&ie=UTF-8#scso=_-FLjYKHpJ7m4qtsPxtC3gAM37:912.3809814453125,3
208,https://www.google.com/search?q=cheap+obd+scanner&oq=cheap+odb+&aqs=chrome.1.69i57j0i13l2j0i13i30j0i10i13i30.4316j0j7&client=ms-android-samsung-gn-rev1&sourceid=chrome-mobile&ie=UTF-8#scso=_-FLjYKHpJ7m4qtsPxtC3gAM37:917.7142944335938,3
209,https://www.google.com/search?q=cheap+obd+scanner&oq=cheap+odb+&aqs=chrome.1.69i57j0i13l2j0i13i30j0i10i13i30.4316j0j7&client=ms-android-samsung-gn-rev1&sourceid=chrome-mobile&ie=UTF-8#scso=_-FLjYKHpJ7m4qtsPxtC3gAM37:920.7619018554688,3
210,https://www.google.com/search?q=cheap+obd+scanner&oq=cheap+odb+&aqs=chrome.1.69i57j0i13l2j0i13i30j0i10i13i30.4316j0j7&client=ms-android-samsung-gn-rev1&sourceid=chrome-mobile&ie=UTF-8#scso=_-FLjYKHpJ7m4qtsPxtC3gAM37:961.90478515625,3
211,https://www.google.com/search?q=cheap+obd+scanner&oq=cheap+odb+&aqs=chrome.1.69i57j0i13l2j0i13i30j0i10i13i30.4316j0j7&client=ms-android-samsung-gn-rev1&sourceid=chrome-mobile&ie=UTF-8#scso=_-FLjYKHpJ7m4qtsPxtC3gAM37:964.1904907226562,3
212,https://www.google.com/search?q=cheap+obd+scanner&oq=cheap+odb+&aqs=chrome.1.69i57j0i13l2j0i13i30j0i10i13i30.4316j0j7&client=ms-android-samsung-gn-rev1&sourceid=chrome-mobile&ie=UTF-8#scso=_-FLjYKHpJ7m4qtsPxtC3gAM37:1014.4761962890625,3
213,https://www.google.com/search?q=cheap+obd+scanner&oq=cheap+odb+&aqs=chrome.1.69i57j0i13l2j0i13i30j0i10i13i30.4316j0j7&client=ms-android-samsung-gn-rev1&sourceid=chrome-mobile&ie=UTF-8#scso=_-FLjYKHpJ7m4qtsPxtC3gAM37:967.2380981445312,3
214,https://www.google.com/search?q=cheap+obd+scanner&oq=cheap+odb+&aqs=chrome.1.69i57j0i13l2j0i13i30j0i10i13i30.4316j0j7&client=ms-android-samsung-gn-rev1&sourceid=chrome-mobile&ie=UTF-8#scso=_-FLjYKHpJ7m4qtsPxtC3gAM37:856.3809814453125,3
215,https://www.google.com/search?q=cheap+obd+scanner&oq=cheap+odb+&aqs=chrome.1.69i57j0i13l2j0i13i30j0i10i13i30.4316j0j7&client=ms-android-samsung-gn-rev1&sourceid=chrome-mobile&ie=UTF-8#scso=_-FLjYKHpJ7m4qtsPxtC3gAM37:863.2380981445312,3
216,https://www.google.com/search?q=cheap+obd+scanner&oq=cheap+odb+&aqs=chrome.1.69i57j0i13l2j0i13i30j0i10i13i30.4316j0j7&client=ms-android-samsung-gn-rev1&sourceid=chrome-mobile&ie=UTF-8#scso=_-FLjYKHpJ7m4qtsPxtC3gAM37:930.6666870117188,3
217,https://www.google.com/search?q=cheap+obd+scanner&oq=cheap+odb+&aqs=chrome.1.69i57j0i13l2j0i13i30j0i10i13i30.4316j0j7&client=ms-android-samsung-gn-rev1&sourceid=chrome-mobile&ie=UTF-8#scso=_-FLjYKHpJ7m4qtsPxtC3gAM37:1065.5238037109375,3
218,https://www.google.com/search?q=cheap+obd+scanner&oq=cheap+odb+&aqs=chrome.1.69i57j0i13l2j0i13i30j0i10i13i30.4316j0j7&client=ms-android-samsung-gn-rev1&sourceid=chrome-mobile&ie=UTF-8#scso=_-FLjYKHpJ7m4qtsPxtC3gAM37:1651.8095703125,3
219,https://www.google.com/search?q=cheap+obd+scanner&oq=cheap+odb+&aqs=chrome.1.69i57j0i13l2j0i13i30j0i10i13i30.4316j0j7&client=ms-android-samsung-gn-rev1&sourceid=chrome-mobile&ie=UTF-8#scso=_-FLjYKHpJ7m4qtsPxtC3gAM37:1643.047607421875,3
220,https://www.google.com/search?q=cheap+obd+scanner&oq=cheap+odb+&aqs=chrome.1.69i57j0i13l2j0i13i30j0i10i13i30.4316j0j7&client=ms-android-samsung-gn-rev1&sourceid=chrome-mobile&ie=UTF-8#scso=_-FLjYKHpJ7m4qtsPxtC3gAM37:1590.09521484375,3
221,https://www.google.com/search?q=cheap+obd+scanner&oq=cheap+odb+&aqs=chrome.1.69i57j0i13l2j0i13i30j0i10i13i30.4316j0j7&client=ms-android-samsung-gn-rev1&sourceid=chrome-mobile&ie=UTF-8#scso=_-FLjYKHpJ7m4qtsPxtC3gAM37:1589.3333740234375,3
222,https://www.google.com/search?q=cheap+obd+scanner&oq=cheap+odb+&aqs=chrome.1.69i57j0i13l2j0i13i30j0i10i13i30.4316j0j7&client=ms-android-samsung-gn-rev1&sourceid=chrome-mobile&ie=UTF-8#scso=_-FLjYKHpJ7m4qtsPxtC3gAM37:961.1428833007812,3
223,https://www.google.com/search?q=cheap+obd+scanner&oq=cheap+odb+&aqs=chrome.1.69i57j0i13l2j0i13i30j0i10i13i30.4316j0j7&client=ms-android-samsung-gn-rev1&sourceid=chrome-mobile&ie=UTF-8#scso=_-FLjYKHpJ7m4qtsPxtC3gAM37:0,3
224,https://www.google.com/search?q=cheap+obd+scanner&oq=cheap+odb+&aqs=chrome.1.69i57j0i13l2j0i13i30j0i10i13i30.4316j0j7&client=ms-android-samsung-gn-rev1&sourceid=chrome-mobile&ie=UTF-8#scso=_-FLjYKHpJ7m4qtsPxtC3gAM37:5.333333492279053,3
225,https://www.google.com/search?q=cheap+obd+scanner&oq=cheap+odb+&aqs=chrome.1.69i57j0i13l2j0i13i30j0i10i13i30.4316j0j7&client=ms-android-samsung-gn-rev1&sourceid=chrome-mobile&ie=UTF-8#scso=_-FLjYKHpJ7m4qtsPxtC3gAM37:74.28571319580078,3
226,https://www.google.com/search?q=cheap+obd+scanner&oq=cheap+odb+&aqs=chrome.1.69i57j0i13l2j0i13i30j0i10i13i30.4316j0j7&client=ms-android-samsung-gn-rev1&sourceid=chrome-mobile&ie=UTF-8#scso=_-FLjYKHpJ7m4qtsPxtC3gAM37:81.14286041259766,3
227,https://ad.doubleclick.net/ddm/clk/488292618;295016757;z;u=ds&sv1=61436149510&sv2=3251021428070298&sv3=1623283643369914418&gclid=EAIaIQobChMIvfi1hsvM8QIVgYNbCh1N1AKYEAQYAiABEgLtQvD_BwE;%3fhttps://www.walmart.com/ip/HyperTough-HT309-OBD2-Scan-Automotive-Diagnostic-Tool-Code-Reader-Red/54620271?wmlspartner=wlpa&selectedSellerId=0&wl13=1292&adid=22222222421449455996&wmlspartner=wmtlabs&wl0=&wl1=g&wl2=m&wl3=501107745824&wl4=pla-293946777986&wl5=9008695&wl6=&wl7=&wl8=&wl9=pla&wl10=8175035&wl11=local&wl12=54620271&wl13=1292&veh=sem_LIA&gclid=EAIaIQobChMIvfi1hsvM8QIVgYNbCh1N1AKYEAQYAiABEgLtQvD_BwE&gclsrc=aw.ds,41
228,https://clickserve.dartsearch.net/link/click?lid=92700061436149510&ds_s_kwgid=58700006791563759&ds_s_inventory_feed_id=97700000003520550&ds_a_cid=638713826&ds_a_caid=12420145346&ds_a_agid=117755028669&ds_a_fiid=&ds_a_lid=pla-293946777986&&ds_e_adid=501107745824&ds_e_matchtype=search&ds_e_device=m&ds_e_network=g&ds_e_product_group_id=293946777986&ds_e_product_id=54620271&ds_e_product_merchant_id=8175035&ds_e_product_country=US&ds_e_product_language=en&ds_e_product_channel=local&ds_e_product_store_id=1292&ds_url_v=2&ds_dest_url=https://www.walmart.com/ip/HyperTough-HT309-OBD2-Scan-Automotive-Diagnostic-Tool-Code-Reader-Red/54620271?wmlspartner=wlpa&selectedSellerId=0&wl13=1292&adid=22222222421449455996&wmlspartner=wmtlabs&wl0=&wl1=g&wl2=m&wl3=501107745824&wl4=pla-293946777986&wl5=9008695&wl6=&wl7=&wl8=&wl9=pla&wl10=8175035&wl11=local&wl12=54620271&wl13=1292&veh=sem_LIA&gclsrc=aw.ds&gclid=EAIaIQobChMIvfi1hsvM8QIVgYNbCh1N1AKYEAQYAiABEgLtQvD_BwE,41
229,https://www.googleadservices.com/pagead/aclk?sa=L&ai=DChcSEwi9-LWGy8zxAhWBg1sKHU3UApgYABAHGgJ5bQ&ohost=www.google.com&cid=CAASEuRosLOskzYgtEqJtyCFkxLi4Q&sig=AOD64_1H-U8KDNnrPe_nu2rTXHEue9C9pw&ctype=46&q=&ved=2ahUKEwihxaqGy8zxAhU5nGoFHUboDTAQzzl6BAgBECg&adurl=,41
230,https://www.walmart.com/ip/HyperTough-HT309-OBD2-Scan-Automotive-Diagnostic-Tool-Code-Reader-Red/54620271?wmlspartner=wlpa&selectedSellerId=0&wl13=1292&adid=22222222421449455996&wmlspartner=wmtlabs&wl0=&wl1=g&wl2=m&wl3=501107745824&wl4=pla-293946777986&wl5=9008695&wl6=&wl7=&wl8=&wl9=pla&wl10=8175035&wl11=local&wl12=54620271&wl13=1292&veh=sem_LIA&gclid=EAIaIQobChMIvfi1hsvM8QIVgYNbCh1N1AKYEAQYAiABEgLtQvD_BwE&gclsrc=aw.ds,41
231,https://ad.doubleclick.net/ddm/clk/488292618;295016757;z;u=ds&sv1=61436149510&sv2=3251021532591313&sv3=3207046807940627650&gclid=EAIaIQobChMIvfi1hsvM8QIVgYNbCh1N1AKYEAQYAiABEgLtQvD_BwE;%3fhttps://www.walmart.com/ip/HyperTough-HT309-OBD2-Scan-Automotive-Diagnostic-Tool-Code-Reader-Red/54620271?wmlspartner=wlpa&selectedSellerId=0&wl13=1292&adid=22222222421449455996&wmlspartner=wmtlabs&wl0=&wl1=g&wl2=m&wl3=501107745824&wl4=pla-293946777986&wl5=9008695&wl6=&wl7=&wl8=&wl9=pla&wl10=8175035&wl11=local&wl12=54620271&wl13=1292&veh=sem_LIA&gclid=EAIaIQobChMIvfi1hsvM8QIVgYNbCh1N1AKYEAQYAiABEgLtQvD_BwE&gclsrc=aw.ds,41
232,https://www.google.com/search?q=cheap+obd+scanner&oq=cheap+odb+&aqs=chrome.1.69i57j0i13l2j0i13i30j0i10i13i30.4316j0j7&client=ms-android-samsung-gn-rev1&sourceid=chrome-mobile&ie=UTF-8#scso=_-FLjYKHpJ7m4qtsPxtC3gAM37:163.04762268066406,3
233,https://www.google.com/search?q=cheap+obd+scanner&oq=cheap+odb+&aqs=chrome.1.69i57j0i13l2j0i13i30j0i10i13i30.4316j0j7&client=ms-android-samsung-gn-rev1&sourceid=chrome-mobile&ie=UTF-8#scso=_-FLjYKHpJ7m4qtsPxtC3gAM37:204.57142639160156,3
234,https://www.google.com/search?q=cheap+obd+scanner&oq=cheap+odb+&aqs=chrome.1.69i57j0i13l2j0i13i30j0i10i13i30.4316j0j7&client=ms-android-samsung-gn-rev1&sourceid=chrome-mobile&ie=UTF-8#scso=_-FLjYKHpJ7m4qtsPxtC3gAM37:246.85714721679688,3
235,https://www.google.com/search?q=cheap+obd+scanner&oq=cheap+odb+&aqs=chrome.1.69i57j0i13l2j0i13i30j0i10i13i30.4316j0j7&client=ms-android-samsung-gn-rev1&sourceid=chrome-mobile&ie=UTF-8#scso=_-FLjYKHpJ7m4qtsPxtC3gAM37:275.4285583496094,3
236,https://www.google.com/search?q=cheap+obd+scanner&oq=cheap+odb+&aqs=chrome.1.69i57j0i13l2j0i13i30j0i10i13i30.4316j0j7&client=ms-android-samsung-gn-rev1&sourceid=chrome-mobile&ie=UTF-8#scso=_-FLjYKHpJ7m4qtsPxtC3gAM37:275.80950927734375,3
237,https://www.amazon.com/KOBRA-Wireless-OBD-Scanner-Connects/dp/B01C3HAHCS/ref=asc_df_B01C3HAHCS/?tag=hyprod-20&linkCode=df0&hvadid=343257912631&hvpos=&hvnetw=g&hvrand=6738443382050130255&hvpone=&hvptwo=&hvqmt=&hvdev=m&hvdvcmdl=&hvlocint=&hvlocphy=9008695&hvtargid=pla-751691986698&psc=1&tag=&ref=&adgrpid=71715066929&hvpone=&hvptwo=&hvadid=343257912631&hvpos=&hvnetw=g&hvrand=6738443382050130255&hvqmt=&hvdev=m&hvdvcmdl=&hvlocint=&hvlocphy=9008695&hvtargid=pla-751691986698,22
238,https://www.google.com/aclk?sa=L&ai=DChcSEwi9-LWGy8zxAhWBg1sKHU3UApgYABAFGgJ5bQ&ae=2&sig=AOD64_2f1tvdflWXGpE4npij2JUw4lcZcQ&ctype=5&q=&ved=2ahUKEwihxaqGy8zxAhU5nGoFHUboDTAQwg96BAgBEDQ&dct=1&adurl=&cshid=1625510890571,22
239,https://www.amazon.com/KOBRA-Wireless-OBD-Scanner-Connects/dp/B01C3HAHCS/ref=asc_df_B01C3HAHCS/?tag=hyprod-20&linkCode=df0&hvadid=343257912631&hvpos=&hvnetw=g&hvrand=6738443382050130255&hvpone=&hvptwo=&hvqmt=&hvdev=m&hvdvcmdl=&hvlocint=&hvlocphy=9008695&hvtargid=pla-751691986698&psc=1&tag=&ref=&adgrpid=71715066929&hvpone=&hvptwo=&hvadid=343257912631&hvpos=&hvnetw=g&hvrand=6738443382050130255&hvqmt=&hvdev=m&hvdvcmdl=&hvlocint=&hvlocphy=9008695&hvtargid=pla-751691986698#video-immersive-view_1625510956342,22
240,https://www.totalcardiagnostics.com/learn/cheap-obd2-scanner-10-best-choices-100-review-2020/,42
241,https://www.google.com/search?q=interesting+car+apps&oq=interesting+car+apps&aqs=chrome..69i57.10618j0j7&client=ms-android-samsung-gn-rev1&sourceid=chrome-mobile&ie=UTF-8,3
242,https://www.edmunds.com/car-reviews/features/the-10-best-car-apps-for-smartphones.html,43
243,https://www.google.com/search?q=blanton%27s+bourbon&oq=blanton&aqs=chrome.0.0i433j69i57j0i433j0i457j5.2597j0j9&client=ms-android-samsung-gn-rev1&sourceid=chrome-mobile&ie=UTF-8,3
244,https://www.google.com/search?q=blanton%27s+bourbon&oq=blanton&aqs=chrome.0.0i433j69i57j0i433j0i457j5.2597j0j9&client=ms-android-samsung-gn-rev1&sourceid=chrome-mobile&ie=UTF-8#scso=_MHTmYJjmCKez5NoPh7Wq4Ak4:4.5714287757873535,3
245,https://www.google.com/search?q=blanton%27s+bourbon&oq=blanton&aqs=chrome.0.0i433j69i57j0i433j0i457j5.2597j0j9&client=ms-android-samsung-gn-rev1&sourceid=chrome-mobile&ie=UTF-8#scso=_MHTmYJjmCKez5NoPh7Wq4Ak4:116.57142639160156,3
246,https://www.google.com/search?q=blanton%27s+bourbon&oq=blanton&aqs=chrome.0.0i433j69i57j0i433j0i457j5.2597j0j9&client=ms-android-samsung-gn-rev1&sourceid=chrome-mobile&ie=UTF-8#scso=_MHTmYJjmCKez5NoPh7Wq4Ak4:117.71428680419922,3
247,https://www.google.com/search?q=blanton%27s+bourbon&oq=blanton&aqs=chrome.0.0i433j69i57j0i433j0i457j5.2597j0j9&client=ms-android-samsung-gn-rev1&sourceid=chrome-mobile&ie=UTF-8#scso=_MHTmYJjmCKez5NoPh7Wq4Ak4:132.57142639160156,3
248,https://www.google.com/search?q=blanton%27s+bourbon&oq=blanton&aqs=chrome.0.0i433j69i57j0i433j0i457j5.2597j0j9&client=ms-android-samsung-gn-rev1&sourceid=chrome-mobile&ie=UTF-8#scso=_MHTmYJjmCKez5NoPh7Wq4Ak4:245.7142791748047,3
249,https://www.google.com/search?q=blanton%27s+bourbon&oq=blanton&aqs=chrome.0.0i433j69i57j0i433j0i457j5.2597j0j9&client=ms-android-samsung-gn-rev1&sourceid=chrome-mobile&ie=UTF-8#scso=_MHTmYJjmCKez5NoPh7Wq4Ak4:210.2857208251953,3
250,https://www.google.com/search?q=blanton%27s+bourbon&oq=blanton&aqs=chrome.0.0i433j69i57j0i433j0i457j5.2597j0j9&client=ms-android-samsung-gn-rev1&sourceid=chrome-mobile&ie=UTF-8#scso=_MHTmYJjmCKez5NoPh7Wq4Ak4:194.6666717529297,3
251,https://www.google.com/search?q=blanton%27s+bourbon&oq=blanton&aqs=chrome.0.0i433j69i57j0i433j0i457j5.2597j0j9&client=ms-android-samsung-gn-rev1&sourceid=chrome-mobile&ie=UTF-8#scso=_MHTmYJjmCKez5NoPh7Wq4Ak4:195.04762268066406,3
252,https://www.google.com/search?q=blanton%27s+bourbon&oq=blanton&aqs=chrome.0.0i433j69i57j0i433j0i457j5.2597j0j9&client=ms-android-samsung-gn-rev1&sourceid=chrome-mobile&ie=UTF-8#scso=_MHTmYJjmCKez5NoPh7Wq4Ak4:246.09524536132812,3
253,https://www.google.com/search?q=blanton%27s+bourbon&oq=blanton&aqs=chrome.0.0i433j69i57j0i433j0i457j5.2597j0j9&client=ms-android-samsung-gn-rev1&sourceid=chrome-mobile&ie=UTF-8#scso=_MHTmYJjmCKez5NoPh7Wq4Ak4:246.4761962890625,3
254,https://www.google.com/search?q=blanton%27s+bourbon&oq=blanton&aqs=chrome.0.0i433j69i57j0i433j0i457j5.2597j0j9&client=ms-android-samsung-gn-rev1&sourceid=chrome-mobile&ie=UTF-8#scso=_MHTmYJjmCKez5NoPh7Wq4Ak4:255.61904907226562,3
255,https://www.google.com/search?q=blanton%27s+bourbon&oq=blanton&aqs=chrome.0.0i433j69i57j0i433j0i457j5.2597j0j9&client=ms-android-samsung-gn-rev1&sourceid=chrome-mobile&ie=UTF-8#scso=_MHTmYJjmCKez5NoPh7Wq4Ak4:292.19049072265625,3
256,https://www.google.com/search?q=blanton%27s+bourbon&oq=blanton&aqs=chrome.0.0i433j69i57j0i433j0i457j5.2597j0j9&client=ms-android-samsung-gn-rev1&sourceid=chrome-mobile&ie=UTF-8#scso=_MHTmYJjmCKez5NoPh7Wq4Ak4:300.5714416503906,3
257,https://www.google.com/search?q=blanton%27s+bourbon&oq=blanton&aqs=chrome.0.0i433j69i57j0i433j0i457j5.2597j0j9&client=ms-android-samsung-gn-rev1&sourceid=chrome-mobile&ie=UTF-8#scso=_MHTmYJjmCKez5NoPh7Wq4Ak4:315.4285583496094,3
258,https://www.google.com/search?q=blanton%27s+bourbon&oq=blanton&aqs=chrome.0.0i433j69i57j0i433j0i457j5.2597j0j9&client=ms-android-samsung-gn-rev1&sourceid=chrome-mobile&ie=UTF-8#scso=_MHTmYJjmCKez5NoPh7Wq4Ak4:316.5714416503906,3
259,https://www.google.com/search?q=blanton%27s+bourbon&oq=blanton&aqs=chrome.0.0i433j69i57j0i433j0i457j5.2597j0j9&client=ms-android-samsung-gn-rev1&sourceid=chrome-mobile&ie=UTF-8#scso=_MHTmYJjmCKez5NoPh7Wq4Ak4:379.047607421875,3
260,https://www.google.com/search?q=blanton%27s+bourbon&oq=blanton&aqs=chrome.0.0i433j69i57j0i433j0i457j5.2597j0j9&client=ms-android-samsung-gn-rev1&sourceid=chrome-mobile&ie=UTF-8#scso=_MHTmYJjmCKez5NoPh7Wq4Ak4:393.1428527832031,3
261,https://www.google.com/search?q=blanton%27s+bourbon&oq=blanton&aqs=chrome.0.0i433j69i57j0i433j0i457j5.2597j0j9&client=ms-android-samsung-gn-rev1&sourceid=chrome-mobile&ie=UTF-8#scso=_MHTmYJjmCKez5NoPh7Wq4Ak4:400.76190185546875,3
262,https://www.google.com/search?q=blanton%27s+bourbon&oq=blanton&aqs=chrome.0.0i433j69i57j0i433j0i457j5.2597j0j9&client=ms-android-samsung-gn-rev1&sourceid=chrome-mobile&ie=UTF-8#scso=_MHTmYJjmCKez5NoPh7Wq4Ak4:462.8571472167969,3
263,https://www.google.com/search?q=blanton%27s+bourbon&oq=blanton&aqs=chrome.0.0i433j69i57j0i433j0i457j5.2597j0j9&client=ms-android-samsung-gn-rev1&sourceid=chrome-mobile&ie=UTF-8#scso=_MHTmYJjmCKez5NoPh7Wq4Ak4:471.23809814453125,3
264,https://www.google.com/search?q=blanton%27s+bourbon&oq=blanton&aqs=chrome.0.0i433j69i57j0i433j0i457j5.2597j0j9&client=ms-android-samsung-gn-rev1&sourceid=chrome-mobile&ie=UTF-8#scso=_MHTmYJjmCKez5NoPh7Wq4Ak4:472,3
265,https://www.googleadservices.com/pagead/aclk?sa=L&ai=DChcSEwiOpJiTx9LxAhWHlbMKHXzmCtIYABAFGgJxbg&ae=2&ohost=www.google.com&cid=CAASEuRoonkghx-iDHuHGVKlABSUmQ&sig=AOD64_0gIuFwz1yIuDIrayVec2QS1xBkoA&ctype=5&q=&ved=2ahUKEwiYvo6Tx9LxAhWnGVkFHYeaCpwQwg96BAgBECY&dct=1&adurl=,44
266,https://www.instacart.com/landing?product_id=16790535&retailer_id=135&region_id=8432736082&mrid=2684481683&utm_medium=sem_shopping&utm_source=instacart_google&utm_campaign=ad_demand_shopping_rp_july-4&utm_content=accountid-8145171519_campaignid-13618159377_adgroupid-122643407463_device-m&gclid=EAIaIQobChMIjqSYk8fS8QIVh5WzCh185grSEAQYBCABEgKPt_D_BwE,44
267,https://www.instacart.com/landing?product_id=16790535&retailer_id=135&region_id=8432736082&mrid=2684481683&utm_medium=sem_shopping&utm_source=instacart_google&utm_campaign=ad_demand_shopping_rp_july-4&utm_content=accountid-8145171519_campaignid-13618159377_adgroupid-122643407463_device-m&gclid=EAIaIQobChMIjqSYk8fS8QIVh5WzCh185grSEAQYBCABEgKPt_D_BwE#,44
268,https://www.instacart.com/landing?product_id=16790535&mrid=2684481683&utm_medium=sem_shopping&utm_source=instacart_google&utm_campaign=ad_demand_shopping_rp_july-4&utm_content=accountid-8145171519_campaignid-13618159377_adgroupid-122643407463_device-m&gclid=EAIaIQobChMIjqSYk8fS8QIVh5WzCh185grSEAQYBCABEgKPt_D_BwE&zipcode_guess=24060,44
269,"https://www.google.com/search?q=blanton%27s+bourbon&oq=blanton&aqs=chrome.0.0i433j69i57j0i433j0i457j5.2597j0j9&client=ms-android-samsung-gn-rev1&sourceid=chrome-mobile&ie=UTF-8#trex=m_t:lcl_akp,rc_f:rln,rc_ludocids:14690061403249402666,ru_lqi:ChFibGFudG9uJ3MgYm91cmJvbkjj7ae46YCAgAhaFxAAEAEiEWJsYW50b24ncyBib3VyYm9ukgEKd2luZV9zdG9yZZoBJENoZERTVWhOTUc5blMwVkpRMEZuU1VSdk1EazNUbTEzUlJBQqoBIwoIL20vMGM1OXkQASoVIhFibGFudG9uJ3MgYm91cmJvbigAugEJCgdib3VyYm9u,ru_phdesc:aiamFmHmeS8,trex_id:cwK3Ud",3
270,https://partners.thepennyhoarder.com/9-money-moves-every-marylander-needs-to-make-this-week/?twclid=11412912144253956098,45
271,https://partners.thepennyhoarder.com/9-money-moves-every-marylander-needs-to-make-this-week/?twclid=11412912144253956098,46
272,https://www.google.com/search?q=blanton%27s+bourbon&oq=blanton&aqs=chrome.0.0i433j69i57j0i433j0i457j5.2597j0j9&client=ms-android-samsung-gn-rev1&sourceid=chrome-mobile&ie=UTF-8#scso=_MHTmYJjmCKez5NoPh7Wq4Ak4:443.4285583496094,3
273,https://www.google.com/search?q=blanton%27s+bourbon&oq=blanton&aqs=chrome.0.0i433j69i57j0i433j0i457j5.2597j0j9&client=ms-android-samsung-gn-rev1&sourceid=chrome-mobile&ie=UTF-8#scso=_MHTmYJjmCKez5NoPh7Wq4Ak4:0,3
274,https://woodencork.com/products/blantons-bourbon?variant=31421838360712&currency=USD&utm_medium=product_sync&utm_source=google&utm_content=sag_organic&utm_campaign=sag_organic&utm_campaign=gs-2020-01-08&utm_source=google&utm_medium=smart_campaign&gclid=EAIaIQobChMIjqSYk8fS8QIVh5WzCh185grSEAQYASABEgIkZ_D_BwE,47
275,https://www.googleadservices.com/pagead/aclk?sa=L&ai=DChcSEwiOpJiTx9LxAhWHlbMKHXzmCtIYABAGGgJxbg&ae=2&ohost=www.google.com&cid=CAASEuRoonkghx-iDHuHGVKlABSUmQ&sig=AOD64_1y3QMnZ-Mygi8_cVQxrXCN6Zo3Og&ctype=5&q=&ved=2ahUKEwiYvo6Tx9LxAhWnGVkFHYeaCpwQwg96BAgBEBg&dct=1&adurl=,47
276,https://woodencork.com/cart,47
277,https://www.google.com/search?q=chester+springs+pa+zip+code&oq=chester+springs+pa+&aqs=chrome.2.69i57j0l3j46.5802j0j7&client=ms-android-samsung-gn-rev1&sourceid=chrome-mobile&ie=UTF-8,3
278,https://woodencork.com/products/blantons-bourbon?gclid=EAIaIQobChMIjqSYk8fS8QIVh5WzCh185grSEAQYASABEgIkZ_D_BwE&utm_campaign=gs-2020-01-08&utm_content=sag_organic&utm_medium=smart_campaign&utm_source=google&variant=31421838360712,47
279,https://woodencork.com/services/currency/update?currency=USD&country=US&return_to=%2Fproducts%2Fblantons-bourbon%3Fgclid%3DEAIaIQobChMIjqSYk8fS8QIVh5WzCh185grSEAQYASABEgIkZ_D_BwE%26utm_campaign%3Dgs-2020-01-08%26utm_content%3Dsag_organic%26utm_medium%3Dsmart_campaign%26utm_source%3Dgoogle%26variant%3D31421838360712,47
280,https://www.google.com/search?q=liquor+store+near+me&oq=liquor+&aqs=chrome.1.69i57j0i433i457j0i402j69i61l2.3140j0j7&client=ms-android-samsung-gn-rev1&sourceid=chrome-mobile&ie=UTF-8,3
281,"https://www.google.com/search?q=liquor+store+near+me&oq=liquor+&aqs=chrome.1.69i57j0i433i457j0i402j69i61l2.3140j0j7&client=ms-android-samsung-gn-rev1&sourceid=chrome-mobile&ie=UTF-8#trex=m_r:1,m_t:gwp,rc_q:liquor%2520store%2520near%2520me,rc_ui:3,ru_gwp:0%252C6,ru_q:liquor%2520store%2520near%2520me,trex_id:uVO3le",3
282,https://www.yellowpages.com/blacksburg-va/liquor-stores,48
283,https://www.yellowpages.com/blacksburg-va/liquor-stores,49
284,https://www.google.com/search?q=blanton%27s+bourbon&oq=blanton&aqs=chrome.0.0i433j69i57j0i433j0i457j5.2597j0j9&client=ms-android-samsung-gn-rev1&sourceid=chrome-mobile&ie=UTF-8#scso=_MHTmYJjmCKez5NoPh7Wq4Ak4:0.380952388048172,3
285,https://www.google.com/search?q=blanton%27s+bourbon&oq=blanton&aqs=chrome.0.0i433j69i57j0i433j0i457j5.2597j0j9&client=ms-android-samsung-gn-rev1&sourceid=chrome-mobile&ie=UTF-8#scso=_MHTmYJjmCKez5NoPh7Wq4Ak4:26.66666603088379,3
286,https://www.google.com/search?q=blanton%27s+bourbon&oq=blanton&aqs=chrome.0.0i433j69i57j0i433j0i457j5.2597j0j9&client=ms-android-samsung-gn-rev1&sourceid=chrome-mobile&ie=UTF-8#scso=_MHTmYJjmCKez5NoPh7Wq4Ak4:1.523809552192688,3
287,https://www.google.com/search?q=blanton%27s+bourbon&oq=blanton&aqs=chrome.0.0i433j69i57j0i433j0i457j5.2597j0j9&client=ms-android-samsung-gn-rev1&sourceid=chrome-mobile&ie=UTF-8#scso=_MHTmYJjmCKez5NoPh7Wq4Ak4:5.333333492279053,3
288,https://www.google.com/search?q=blanton%27s+bourbon&oq=blanton&aqs=chrome.0.0i433j69i57j0i433j0i457j5.2597j0j9&client=ms-android-samsung-gn-rev1&sourceid=chrome-mobile&ie=UTF-8#scso=_MHTmYJjmCKez5NoPh7Wq4Ak4:209.5238037109375,3
289,https://www.google.com/search?q=blanton%27s+bourbon&oq=blanton&aqs=chrome.0.0i433j69i57j0i433j0i457j5.2597j0j9&client=ms-android-samsung-gn-rev1&sourceid=chrome-mobile&ie=UTF-8#scso=_MHTmYJjmCKez5NoPh7Wq4Ak4:179.42857360839844,3
290,https://www.google.com/search?q=blanton%27s+bourbon&oq=blanton&aqs=chrome.0.0i433j69i57j0i433j0i457j5.2597j0j9&client=ms-android-samsung-gn-rev1&sourceid=chrome-mobile&ie=UTF-8#scso=_MHTmYJjmCKez5NoPh7Wq4Ak4:181.7142791748047,3
291,https://www.google.com/search?q=blanton%27s+bourbon&oq=blanton&aqs=chrome.0.0i433j69i57j0i433j0i457j5.2597j0j9&client=ms-android-samsung-gn-rev1&sourceid=chrome-mobile&ie=UTF-8#scso=_MHTmYJjmCKez5NoPh7Wq4Ak4:358.8571472167969,3
292,https://www.google.com/search?q=blanton%27s+bourbon&oq=blanton&aqs=chrome.0.0i433j69i57j0i433j0i457j5.2597j0j9&client=ms-android-samsung-gn-rev1&sourceid=chrome-mobile&ie=UTF-8#scso=_MHTmYJjmCKez5NoPh7Wq4Ak4:364.952392578125,3
293,https://bottlebuzz.com/products/blantons-bourbon?variant=32347057225825&currency=USD&utm_medium=product_sync&utm_source=google&utm_content=sag_organic&utm_campaign=sag_organic&utm_campaign=gs-2021-02-06&utm_source=google&utm_medium=smart_campaign&gclid=EAIaIQobChMIjqSYk8fS8QIVh5WzCh185grSEAQYAiABEgI13vD_BwE,50
294,https://www.googleadservices.com/pagead/aclk?sa=L&ai=DChcSEwiOpJiTx9LxAhWHlbMKHXzmCtIYABAHGgJxbg&ae=2&ohost=www.google.com&cid=CAASEuRoonkghx-iDHuHGVKlABSUmQ&sig=AOD64_2qk4vdh42dY0gFmI4-3f47lZTuRw&ctype=5&q=&ved=2ahUKEwiYvo6Tx9LxAhWnGVkFHYeaCpwQwg96BAgBEB4&dct=1&adurl=,50
295,https://www.google.com/search?q=blanton%27s+bourbon&oq=blanton&aqs=chrome.0.0i433j69i57j0i433j0i457j5.2597j0j9&client=ms-android-samsung-gn-rev1&sourceid=chrome-mobile&ie=UTF-8#scso=_MHTmYJjmCKez5NoPh7Wq4Ak4:159.23809814453125,3
296,https://www.google.com/search?q=blanton%27s+bourbon&oq=blanton&aqs=chrome.0.0i433j69i57j0i433j0i457j5.2597j0j9&client=ms-android-samsung-gn-rev1&sourceid=chrome-mobile&ie=UTF-8#scso=_MHTmYJjmCKez5NoPh7Wq4Ak4:708.1904907226562,3
297,https://www.google.com/search?q=blanton%27s+bourbon&oq=blanton&aqs=chrome.0.0i433j69i57j0i433j0i457j5.2597j0j9&client=ms-android-samsung-gn-rev1&sourceid=chrome-mobile&ie=UTF-8#scso=_MHTmYJjmCKez5NoPh7Wq4Ak4:18.285715103149414,3
298,https://www.google.com/search?q=blanton%27s+bourbon&oq=blanton&aqs=chrome.0.0i433j69i57j0i433j0i457j5.2597j0j9&client=ms-android-samsung-gn-rev1&sourceid=chrome-mobile&ie=UTF-8#scso=_MHTmYJjmCKez5NoPh7Wq4Ak4:555.047607421875,3
299,https://www.google.com/search?q=blanton%27s+bourbon&oq=blanton&aqs=chrome.0.0i433j69i57j0i433j0i457j5.2597j0j9&client=ms-android-samsung-gn-rev1&sourceid=chrome-mobile&ie=UTF-8#scso=_MHTmYJjmCKez5NoPh7Wq4Ak4:674.2857055664062,3
300,https://www.google.com/search?q=blanton%27s+bourbon&oq=blanton&aqs=chrome.0.0i433j69i57j0i433j0i457j5.2597j0j9&client=ms-android-samsung-gn-rev1&sourceid=chrome-mobile&ie=UTF-8#scso=_MHTmYJjmCKez5NoPh7Wq4Ak4:680.7619018554688,3
301,https://www.google.com/search?q=blanton%27s+bourbon&oq=blanton&aqs=chrome.0.0i433j69i57j0i433j0i457j5.2597j0j9&client=ms-android-samsung-gn-rev1&sourceid=chrome-mobile&ie=UTF-8#scso=_MHTmYJjmCKez5NoPh7Wq4Ak4:676.5714111328125,3
302,https://www.google.com/search?q=blanton%27s+bourbon&oq=blanton&aqs=chrome.0.0i433j69i57j0i433j0i457j5.2597j0j9&client=ms-android-samsung-gn-rev1&sourceid=chrome-mobile&ie=UTF-8#scso=_MHTmYJjmCKez5NoPh7Wq4Ak4:659.8095092773438,3
303,https://www.google.com/search?q=blanton%27s+bourbon&oq=blanton&aqs=chrome.0.0i433j69i57j0i433j0i457j5.2597j0j9&client=ms-android-samsung-gn-rev1&sourceid=chrome-mobile&ie=UTF-8#scso=_MHTmYJjmCKez5NoPh7Wq4Ak4:566.4761962890625,3
304,https://www.google.com/search?q=blanton%27s+bourbon&oq=blanton&aqs=chrome.0.0i433j69i57j0i433j0i457j5.2597j0j9&client=ms-android-samsung-gn-rev1&sourceid=chrome-mobile&ie=UTF-8#scso=_MHTmYJjmCKez5NoPh7Wq4Ak4:567.2380981445312,3
305,https://www.google.com/search?q=blanton%27s+bourbon&oq=blanton&aqs=chrome.0.0i433j69i57j0i433j0i457j5.2597j0j9&client=ms-android-samsung-gn-rev1&sourceid=chrome-mobile&ie=UTF-8#scso=_MHTmYJjmCKez5NoPh7Wq4Ak4:576.3809814453125,3
306,https://www.google.com/search?q=blanton%27s+bourbon&oq=blanton&aqs=chrome.0.0i433j69i57j0i433j0i457j5.2597j0j9&client=ms-android-samsung-gn-rev1&sourceid=chrome-mobile&ie=UTF-8#scso=_MHTmYJjmCKez5NoPh7Wq4Ak4:563.4285888671875,3
307,https://www.google.com/search?q=blanton%27s+bourbon&oq=blanton&aqs=chrome.0.0i433j69i57j0i433j0i457j5.2597j0j9&client=ms-android-samsung-gn-rev1&sourceid=chrome-mobile&ie=UTF-8#scso=_MHTmYJjmCKez5NoPh7Wq4Ak4:477.71429443359375,3
308,https://www.google.com/search?q=blanton%27s+bourbon&oq=blanton&aqs=chrome.0.0i433j69i57j0i433j0i457j5.2597j0j9&client=ms-android-samsung-gn-rev1&sourceid=chrome-mobile&ie=UTF-8#scso=_MHTmYJjmCKez5NoPh7Wq4Ak4:508.952392578125,3
309,https://www.google.com/search?q=blanton%27s+bourbon&oq=blanton&aqs=chrome.0.0i433j69i57j0i433j0i457j5.2597j0j9&client=ms-android-samsung-gn-rev1&sourceid=chrome-mobile&ie=UTF-8#scso=_MHTmYJjmCKez5NoPh7Wq4Ak4:493.71429443359375,3
310,https://www.google.com/search?q=blanton%27s+bourbon&oq=blanton&aqs=chrome.0.0i433j69i57j0i433j0i457j5.2597j0j9&client=ms-android-samsung-gn-rev1&sourceid=chrome-mobile&ie=UTF-8#scso=_MHTmYJjmCKez5NoPh7Wq4Ak4:739.047607421875,3
311,https://www.google.com/search?q=blanton%27s+bourbon&oq=blanton&aqs=chrome.0.0i433j69i57j0i433j0i457j5.2597j0j9&client=ms-android-samsung-gn-rev1&sourceid=chrome-mobile&ie=UTF-8#scso=_MHTmYJjmCKez5NoPh7Wq4Ak4:809.1428833007812,3
312,https://www.google.com/search?q=blanton%27s+bourbon&oq=blanton&aqs=chrome.0.0i433j69i57j0i433j0i457j5.2597j0j9&client=ms-android-samsung-gn-rev1&sourceid=chrome-mobile&ie=UTF-8#scso=_MHTmYJjmCKez5NoPh7Wq4Ak4:814.8571166992188,3
313,https://www.google.com/search?q=blanton%27s+bourbon&oq=blanton&aqs=chrome.0.0i433j69i57j0i433j0i457j5.2597j0j9&client=ms-android-samsung-gn-rev1&sourceid=chrome-mobile&ie=UTF-8#scso=_MHTmYJjmCKez5NoPh7Wq4Ak4:815.6190185546875,3
314,https://www.google.com/search?q=blanton%27s+bourbon&oq=blanton&aqs=chrome.0.0i433j69i57j0i433j0i457j5.2597j0j9&client=ms-android-samsung-gn-rev1&sourceid=chrome-mobile&ie=UTF-8#scso=_MHTmYJjmCKez5NoPh7Wq4Ak4:838.4761962890625,3
315,https://www.google.com/search?q=blanton%27s+bourbon&oq=blanton&aqs=chrome.0.0i433j69i57j0i433j0i457j5.2597j0j9&client=ms-android-samsung-gn-rev1&sourceid=chrome-mobile&ie=UTF-8#scso=_MHTmYJjmCKez5NoPh7Wq4Ak4:838.8571166992188,3
316,https://www.google.com/search?q=blanton%27s+bourbon&oq=blanton&aqs=chrome.0.0i433j69i57j0i433j0i457j5.2597j0j9&client=ms-android-samsung-gn-rev1&sourceid=chrome-mobile&ie=UTF-8#scso=_MHTmYJjmCKez5NoPh7Wq4Ak4:864.7619018554688,3
317,https://www.google.com/search?q=blanton%27s+bourbon&oq=blanton&aqs=chrome.0.0i433j69i57j0i433j0i457j5.2597j0j9&client=ms-android-samsung-gn-rev1&sourceid=chrome-mobile&ie=UTF-8#scso=_MHTmYJjmCKez5NoPh7Wq4Ak4:878.09521484375,3
318,https://www.google.com/search?q=blanton%27s+bourbon&oq=blanton&aqs=chrome.0.0i433j69i57j0i433j0i457j5.2597j0j9&client=ms-android-samsung-gn-rev1&sourceid=chrome-mobile&ie=UTF-8#scso=_MHTmYJjmCKez5NoPh7Wq4Ak4:881.5238037109375,3
319,https://www.google.com/search?q=blanton%27s+bourbon&oq=blanton&aqs=chrome.0.0i433j69i57j0i433j0i457j5.2597j0j9&client=ms-android-samsung-gn-rev1&sourceid=chrome-mobile&ie=UTF-8#scso=_MHTmYJjmCKez5NoPh7Wq4Ak4:886.4761962890625,3
320,https://www.google.com/search?q=blanton%27s+bourbon&oq=blanton&aqs=chrome.0.0i433j69i57j0i433j0i457j5.2597j0j9&client=ms-android-samsung-gn-rev1&sourceid=chrome-mobile&ie=UTF-8#scso=_MHTmYJjmCKez5NoPh7Wq4Ak4:888,3
321,https://www.google.com/search?q=blanton%27s+bourbon&oq=blanton&aqs=chrome.0.0i433j69i57j0i433j0i457j5.2597j0j9&client=ms-android-samsung-gn-rev1&sourceid=chrome-mobile&ie=UTF-8#scso=_MHTmYJjmCKez5NoPh7Wq4Ak4:887.2380981445312,3
322,https://www.googleadservices.com/pagead/aclk?sa=L&ai=DChcSEwiOpJiTx9LxAhWHlbMKHXzmCtIYABAMGgJxbg&ae=2&ohost=www.google.com&cid=CAASEuRoonkghx-iDHuHGVKlABSUmQ&sig=AOD64_0rnYvWqYxRhkjHy0UTwz7Qrf1THw&ctype=5&q=&ved=2ahUKEwiYvo6Tx9LxAhWnGVkFHYeaCpwQwg96BAgBEDU&dct=1&adurl=,51
323,https://www.modernliquors.com/product/blanton-s-bourbon-single-barrel/1543?gclid=EAIaIQobChMIjqSYk8fS8QIVh5WzCh185grSEAQYByABEgKZW_D_BwE,51
324,https://www.google.com/search?q=blanton%27s+bourbon&oq=b&aqs=chrome.0.69i59j69i57j46i199i291i433j69i60l2.784j0j9&client=ms-android-samsung-gn-rev1&sourceid=chrome-mobile&ie=UTF-8,3
