tag,work_spec_id
com.upside.consumer.android.geofence.InactiveUserGeofenceSetupWorker,5a2926ac-efe2-43bf-8ae7-08e53158fc9e
DatafileWorkerSy2zwRmZAFWGsT6oid3fvx,1cf12683-8aab-4db1-b593-231b024d382c
com.optimizely.ab.android.datafile_handler.DatafileWorker,1cf12683-8aab-4db1-b593-231b024d382c
DatafileWorkerSy2zwRmZAFWGsT6oid3fvx,42110a05-96a4-4140-a7b4-cc86f201361d
com.optimizely.ab.android.datafile_handler.DatafileWorker,42110a05-96a4-4140-a7b4-cc86f201361d
DatafileWorkerSy2zwRmZAFWGsT6oid3fvx,d61033d7-2422-41e9-9b6f-c77c5081f5ce
com.optimizely.ab.android.datafile_handler.DatafileWorker,d61033d7-2422-41e9-9b6f-c77c5081f5ce
DatafileWorkerSy2zwRmZAFWGsT6oid3fvx,16545bff-8f85-47ef-88a6-f81161ace5fe
com.optimizely.ab.android.datafile_handler.DatafileWorker,16545bff-8f85-47ef-88a6-f81161ace5fe
DatafileWorkerSy2zwRmZAFWGsT6oid3fvx,02a1c4f5-c421-487c-b9b4-ddcc11e8d90c
com.optimizely.ab.android.datafile_handler.DatafileWorker,02a1c4f5-c421-487c-b9b4-ddcc11e8d90c
