packageName,count
com.google.android.gms.icing.mdh,2
com.google.android.platform.twoshay_native,2
com.google.android.gms.trustlet_voiceunlock,2
com.google.android.platform.content_capture,2
com.google.android.platform.oslo,2
com.google.android.platform.input_native_boot,2
com.google.android.platform.connectivity_thermal_power_manager,2
com.google.android.gms.appstate,2
com.google.android.gms.reachability,2
com.google.android.gms.subscribedfeeds,2
com.google.android.gms.settings.platform.boot,2
com.google.android.gms.payse,2
com.google.android.platform.package_manager_service,2
com.google.android.platform.configuration,2
com.google.android.platform.permissions,2
com.google.android.platform.system_time,2
com.google.android.gms.appintegrity,2
com.google.android.gms.rcs,2
com.google.android.platform.swcodec_native,2
com.google.android.platform.runtime_native_boot,2
com.google.android.platform.display_manager,2
com.google.android.gms.recaptcha,2
com.google.android.platform.system_scheduler,2
com.google.android.gms.test_process_stable,2
com.google.android.platform.launcher,2
com.google.android.platform.window_manager,2
com.google.android.platform.flipendo,2
com.google.android.platform.activity_manager_native_boot,2
com.google.android.platform.rollback,2
com.google.android.platform.telephony,2
com.google.android.platform.rotation_resolver_service,2
com.google.android.gms.common.download,2
com.google.android.platform.autofill,2
com.google.android.configupdater,2
com.google.android.platform.statsd_native_boot,2
com.google.android.client_error_logging,2
com.google.android.gms.auth_api_proxy,2
com.google.android.platform.input_native,2
com.google.android.gms.analytics,2
com.google.android.platform.game_driver,2
com.google.android.platform.exo,2
com.google.android.platform.profcollect_native_boot,2
com.google.android.platform.adaptive_charging,2
alt.com.google.android.gms,2
com.google.android.platform.attention_manager_service,2
com.google.android.platform.car,2
com.google.android.platform.app_compat,2
com.google.android.platform.window_manager_native_boot,2
com.google.android.platform.runtime_native,2
com.google.android.platform.on_device_abuse,2
com.google.android.gms.firebase.auth,2
com.google.android.platform.statsd_java_boot,2
com.google.android.platform.bluetooth,2
com.google.android.gms.walletp2p.v2,2
com.google.android.platform.widget,2
com.google.android.platform.activity_manager,2
com.google.android.platform.statsd_java,2
com.google.android.platform.statsd_native,2
com.google.android.platform.notification_assistant,2
com.google.android.platform.media_native,2
com.google.android.platform.backup_service,2
com.google.android.platform.textclassifier,2
com.google.android.platform.game_overlay,2
com.google.android.gms.phonesky_recovery,2
com.google.android.libraries.personalization.footprints#com.google.android.gms,2
com.google.android.gms.photos,2
com.google.android.platform.storage_native_boot,2
com.google.android.platform.interaction_jank_monitor,2
com.google.android.platform.latency_tracker,2
com.google.android.platform.runtime,2
com.google.android.platform.rollback_boot,2
com.google.android.gms.easysignin,2
com.google.android.libraries.consent.flows.location#com.google.android.music,1
com.google.android.gms.settings.platform,22
com.google.android.gms.lockbox,12
com.google.android.gms.family,3
com.google.android.gms.udc,5
com.google.android.libraries.consentverifier#com.google.android.gms,3
com.google.android.gms.smart_profile,3
com.google.android.gms.appinvite,3
com.google.android.gms.trustlet_onbody,3
org.chromium.net.cronet,4
com.google.android.gms.auth_api_early_update,15
com.google.android.platform.systemui,3
com.google.android.libraries.onegoogle#com.google.ar.core,1
com.google.android.gms.usagereporting,3
com.google.android.gms.fonts,20
com.google.android.platform.appsearch,1
com.google.android.platform.ota,1
com.google.android.gms.beacon,19
com.google.android.gms.mobile_data_plan,21
com.google.android.gms.dck,2
com.google.android.gms.herrevad,6
com.google.android.gms.drive,4
com.google.android.libraries.lens.nbu.user#com.google.android.googlequicksearchbox,6
com.google.android.libraries.lens.nbu.device#com.google.android.googlequicksearchbox,7
com.google.android.libraries.consentverifier#com.google.android.apps.turbo,1
com.google.android.apps.internal.zebedee#com.google.android.apps.turbo,24
com.google.android.libraries.personalization.footprints#com.google.android.apps.turbo,4
com.google.android.libraries.social.peoplekit#com.google.android.apps.maps.client_id:36,1
com.google.android.gms.auth.easyunlock,3
com.google.android.gms.languageprofile,5
com.google.android.gms.mdisync,6
com.google.android.platform.wifi,4
com.google.android.platform.battery_saver,1
com.google.android.libraries.consentverifier#com.google.android.projection.gearhead,1
com.google.android.libraries.consentverifier#com.google.android.gm,1
com.google.apps.tasks.shared.android#com.google.android.gm,1
hub_android.device#com.google.android.gm,1
com.google.android.libraries.onegoogle#com.google.android.gm,4
com.google.android.mainline.release,9
com.google.apps.projector.android#com.google.android.apps.docs,5
com.google.android.libraries.onegoogle#com.google.android.apps.docs,5
com.google.android.libraries.consentverifier#com.google.android.apps.docs,3
com.google.android.gms.telephonyspam,5
com.google.android.gms.panorama,5
com.google.android.platform.wallpaper_content,3
com.google.android.libraries.surveys#com.google.android.projection.gearhead,4
com.google.android.libraries.surveys#com.google.android.gm,7
com.google.android.libraries.surveys#com.google.android.apps.docs,14
com.google.android.gms.auth_authzen,13
com.google.android.gms.signin,4
com.google.android.libraries.surveys,9
com.google.android.gms.chromesync,18
com.google.android.platform.constrain_display_apis,1
com.google.android.platform.location,1
com.google.android.platform.rotation_resolver,1
com.google.android.libraries.user.peoplesheet#com.google.android.gm,11
com.google.android.platform.aiai_controlled_releases,4
com.google.android.gms.magictether,15
com.google.android.libraries.surveys#com.android.chrome,3
com.google.vr.c9#com.google.ar.core,1
com.google.android.libraries.consentverifier#com.google.ar.core,3
com.google.android.syncadapters.calendar#com.google.android.syncadapters.calendar,3
com.google.android.libraries.consentverifier#com.google.android.setupwizard,1
com.google.android.gms.clearcut.public,17
com.google.android.platform.privacy,8
com.google.android.platform.app_hibernation,6
com.google.android.platform.intelligence_bubbles,10
com.google.android.libraries.surveys#com.google.android.apps.photos,22
com.google.android.libraries.onegoogle#com.google.android.apps.photos,13
com.google.android.libraries.consentverifier#com.google.android.apps.photos,11
com.google.android.libraries.onegoogle#com.google.android.youtube,9
com.youtube.mainapp.android,12
com.google.android.libraries.consentverifier#com.google.android.youtube,9
com.google.android.apps.gmm.recovery#com.google.android.apps.maps,9
com.google.android.libraries.surveys#com.google.android.apps.maps,12
com.google.android.libraries.consent.flows.location#com.google.android.apps.maps,12
com.google.android.libraries.onegoogle#com.google.android.apps.maps,9
com.google.android.libraries.consent.flows.footprints#com.google.android.apps.maps,12
com.google.android.libraries.personalization.footprints#com.google.android.apps.maps,12
com.google.android.libraries.consentverifier#com.google.android.apps.maps,9
com.google.android.libraries.surveys#com.google.android.apps.tachyon,15
com.google.android.libraries.consentverifier#com.google.android.apps.tachyon,3
com.google.android.libraries.onegoogle#com.google.android.videos,9
com.google.android.libraries.search.googleapp.uidevice#com.google.android.googlequicksearchbox,20
com.google.android.apps.podcasts_android.user#com.google.android.googlequicksearchbox,14
com.google.android.apps.gsa.pcp.device#com.google.android.googlequicksearchbox,20
com.google.android.apps.search.transcription.uidevice#com.google.android.googlequicksearchbox,20
com.google.android.apps.search.hsi.device#com.google.android.googlequicksearchbox,14
com.google.android.apps.search.pronunciationlearning#com.google.android.googlequicksearchbox,15
com.google.android.apps.search.soundsearch.user#com.google.android.googlequicksearchbox,14
com.google.android.apps.search.soundsearch.device#com.google.android.googlequicksearchbox,14
com.google.android.libraries.search.googleapp.uiuser#com.google.android.googlequicksearchbox,20
com.google.android.libraries.surveys#com.google.android.googlequicksearchbox,27
com.google.ar.sceneviewer.android.device#com.google.android.googlequicksearchbox,14
com.google.android.libraries.search.user#com.google.android.googlequicksearchbox,6
com.google.android.apps.search.faceviewer#com.google.android.googlequicksearchbox,17
com.google.android.libraries.assistant.ampactions#com.google.android.googlequicksearchbox,14
com.google.android.libraries.onegoogle#com.google.android.googlequicksearchbox,20
com.google.android.libraries.consent.flows.footprints#com.google.android.googlequicksearchbox,20
com.google.android.libraries.personalization.footprints#com.google.android.googlequicksearchbox,14
com.google.vr.c9#com.google.android.googlequicksearchbox,14
com.google.android.libraries.consentverifier#com.google.android.googlequicksearchbox,14
com.google.android.gms.places,10
com.google.android.gms.notifications,9
com.google.android.libraries.social.populous#com.google.android.gm,10
com.google.android.libraries.social.populous#com.google.android.apps.docs,15
com.google.android.platform.settings_stats,22
com.google.android.gms.enpromo,25
com.google.android.libraries.internal.growth.growthkit#com.google.android.apps.docs,8
com.google.android.libraries.internal.growth.growthkit#com.google.android.apps.tachyon,12
com.google.android.gms.reminders,5
com.google.android.libraries.search.googleapp.device#com.google.android.googlequicksearchbox,22
com.google.android.metrics,31
com.google.android.apps.gsa.pcp.user#com.google.android.googlequicksearchbox,29
com.google.android.apps.pixelmigrate,26
com.google.android.gms.tron.metrics,27
com.google.android.apps.podcasts_android.device#com.google.android.googlequicksearchbox,16
com.google.android.apps.restore,26
com.google.android.libraries.assistant.symbiote#com.google.android.googlequicksearchbox,25
com.google.android.apps.search.assistant.device#com.google.android.googlequicksearchbox,28
com.google.android.platform.connectivity,14
com.google.android.libraries.notifications.platform#com.google.android.apps.docs,4
com.google.android.apps.search.assistant.verticals.memory#com.google.android.googlequicksearchbox,18
com.google.android.libraries.notifications.platform#com.google.android.apps.tachyon,6
com.google.android.gms.icing.mdd#com.google.android.apps.photos,18
com.google.ar.sceneviewer.android.user#com.google.android.googlequicksearchbox,19
com.google.android.gms.icing.mdd#com.google.android.gms,19
com.google.android.gms.geotimezone,6
com.google.android.gms.vision,3
com.google.android.gms.icing.mdd#com.google.android.googlequicksearchbox,25
com.google.android.gms.icing.mdd,22
com.google.android.gms.audit,4
com.google.android.tts#com.google.android.tts,11
com.google.android.libraries.notifications#com.google.android.googlequicksearchbox,29
com.google.android.libraries.notifications#com.google.android.gm,12
com.google.android.libraries.notifications#com.google.android.apps.docs,13
com.google.android.libraries.notifications#com.google.android.apps.maps,15
com.google.android.libraries.notifications#com.google.android.syncadapters.calendar,10
com.google.android.libraries.subscriptions#com.google.android.apps.photos,23
com.google.android.videos,38
com.google.android.libraries.subscriptions#com.google.android.apps.docs,22
com.google.android.platform.device_personalization_services,38
com.google.android.gms.chimera,10
com.google.android.gms.auth.api.credentials,8
com.google.android.gms.icing,38
com.google.android.gms.instantapps,13
com.google.android.platform.app_compat_overrides,1
com.google.android.platform.alarm_manager,1
com.google.android.platform.surface_flinger_native_boot,1
com.google.android.platform.media,1
com.google.android.setupwizard,11
com.google.android.gms.credential_manager,5
com.google.android.gms.contextmanager,27
com.google.android.gms.games,30
com.google.android.libraries.notifications#com.google.android.apps.photos,23
com.google.android.gms.cast,15
com.google.android.gms.accountsettings,21
com.google.android.libraries.search.rendering.xuikit.device#com.android.chrome,7
com.google.android.gms.gcm,25
assistant_auto_tng_libraries_user#com.google.android.googlequicksearchbox,22
com.google.android.libraries.mediahome.providers.video#com.google.android.videos,15
com.google.android.platform.netd_native,4
com.google.android.gms.trustlet_place,14
com.google.ar.core.services,13
com.google.android.gms.maps,9
com.google.android.libraries.search.rendering.xuikit.device#com.google.android.googlequicksearchbox,29
com.google.android.gms.autofill,51
com.google.android.gms.trustagent,8
com.google.android.gms.locationsharing,9
com.google.android.gms.auth_account,53
com.google.android.gms.auth.blockstore,16
com.google.android.gms.nnapi.drivermanager,5
com.google.android.libraries.surveys#com.google.android.gms,20
com.google.android.gms.presencemanager,3
com.google.android.gms.gmscompliance.gservices,11
com.google.android.gms.permissions,19
com.google.android.gms.ads,17
com.google.android.gms.ulr,18
com.google.android.gms.setupservices,19
com.google.android.gms.constellation,29
com.google.android.gms.feedback,17
com.google.android.gms.adsidentity,14
com.google.android.gms.auth_cryptauth,19
com.google.android.gms.fitness,35
com.google.android.gms.locationsharingreporter,11
com.google.android.gms.auth_managed,19
com.google.android.gms.potokens,31
com.google.android.gms.learning.platformservices.sharing,14
com.google.android.gms.statementservice,5
com.google.android.gms.chimera_debug,14
com.google.android.gms.fido,19
com.google.android.gms.gass,19
com.google.android.gms.gmscompliance,17
com.google.android.gms.findmydevice,9
com.google.android.gms.checkin,18
com.google.android.gms.smartdevice,42
com.google.lighter.android#com.google.android.gms,34
com.google.android.libraries.vpn.gcs.autowifi#com.google.android.gms,16
com.google.android.libraries.user.profile.photopicker#com.google.android.gm,12
com.google.android.libraries.performance.primes#com.google.android.videos,21
com.google.android.libraries.performance.primes#com.google.android.apps.tachyon,18
com.google.android.libraries.performance.primes#com.google.android.gm,6
com.google.android.libraries.performance.primes#com.google.android.music,15
com.google.android.libraries.performance.primes#com.google.android.projection.gearhead,5
com.google.android.libraries.performance.primes#com.google.ar.core,17
com.google.android.libraries.performance.primes#com.google.android.googlequicksearchbox,31
com.google.android.libraries.performance.primes#com.google.android.apps.turbo,8
com.google.android.libraries.performance.primes#com.google.android.apps.maps,14
com.google.android.libraries.performance.primes#com.google.android.youtube,17
com.google.android.libraries.performance.primes#com.google.android.tts,8
com.google.android.libraries.performance.primes#com.google.android.apps.photos,29
com.google.android.libraries.performance.primes#com.google.android.gms,24
com.google.android.libraries.performance.primes#com.google.android.apps.docs,21
com.google.android.gms.auth_api_phone,21
com.google.android.apps.search.transcription.device#com.google.android.googlequicksearchbox,29
com.google.android.libraries.search.device#com.google.android.googlequicksearchbox,28
com.google.android.gms.growth,7
com.google.android.libraries.social.populous#com.google.android.apps.photos,16
com.google.android.libraries.communications.conference.device#com.google.android.gm,17
com.google.android.gms.vision.sdk,8
com.google.android.gms.thunderbird,21
com.google.android.gms.kids,34
com.google.android.gms.semanticlocation,16
com.google.android.gms.auth.proximity,21
com.google.android.gms.security,28
com.google.android.gms.netrec,7
com.google.android.gms.backup,40
com.google.android.gms.measurement,9
com.google.android.gms.matchstick,43
com.google.android.libraries.performance.primes#com.android.vending,48
com.google.android.finsky.instantapps,54
com.google.android.libraries.mdi.sync#com.android.vending,3
com.google.android.libraries.onegoogle#com.android.vending,34
com.google.android.libraries.personalization.footprints#com.android.vending,34
com.google.android.libraries.consentverifier#com.android.vending,30
com.google.geo.ar#com.google.ar.core,15
com.google.android.gms.phenotype,56
com.google.apps.drive.android#com.google.android.apps.docs,49
com.google.android.gms.playlog.uploader,97
com.google.android.partnersetup,15
com.google.android.gms.update,24
com.google.android.gms.ipa,31
com.google.android.partnersetup#com.android.chrome,17
com.google.android.gms,111
com.google.android.libraries.communications.conference.user#com.google.android.gm,27
com.google.android.apps.search.assistant.user#com.google.android.googlequicksearchbox,30
com.google.android.apps.turbo,10
com.google.android.gms.enterprise,26
com.google.android.gms.droidguard,22
com.google.android.gm,32
com.google.lighter.android#com.google.android.apps.maps,28
com.google.android.libraries.social.populous#com.google.android.apps.maps,13
com.google.android.gms.tapandpay,73
com.google.android.gms.learning#com.google.android.gms,39
com.google.android.gms.learning#com.google.android.googlequicksearchbox,8
assistant_auto_tng_libraries_device#com.google.android.googlequicksearchbox,26
com.google.android.gms.romanesco,50
com.google.android.gm#com.google.android.gm_Hub,31
com.google.android.apps.photos,123
com.google.android.gms.pay,62
com.google.android.westworld,98
com.google.android.gms.auth_folsom,18
com.google.apps.dynamite#com.google.android.gm_Hub,18
com.google.android.gms.platformconfigurator,13
com.google.android.location,116
com.google.android.gms.admob,19
com.google.android.projection.gearhead,48
com.google.android.libraries.search.googleapp.user#com.google.android.googlequicksearchbox,102
com.google.android.gms.octarine,13
com.google.android.gms.wearable,21
com.google.android.apps.tachyon,56
com.google.android.gms.people,59
com.google.android.gms.nearby,124
com.google.android.gms.googlehelp,35
com.google.android.gms.car,53
com.google.android.gms.wallet,77
com.google.android.gms.ocr,58
__sync,404
com.google.android.googlequicksearchbox,231
